,explicit,href,id,name,popularity,date_added,album_name,album_art,album_release_date,artist_names,genres,genre
0,False,https://api.spotify.com/v1/tracks/4BZufKgQKJNUEd4NNYHc63,4BZufKgQKJNUEd4NNYHc63,Glow (feat. Jeremy Zucker),44,2020-03-16T11:14:48Z,Glow (feat. Jeremy Zucker) - Single,https://i.scdn.co/image/ab67616d0000b273746ac43c82157a4c2bb2146f,2015-12-11,"Justice Skolnik, Jeremy Zucker",[],Unknown
1,True,https://api.spotify.com/v1/tracks/6sjBzi06wbrdzkyHWTF221,6sjBzi06wbrdzkyHWTF221,Better Now - Acoustic,45,2020-03-16T11:08:13Z,Better Now (Acoustic),https://i.scdn.co/image/ab67616d0000b2738b146b57c686ca01eaf1e230,2017-09-08,Etham,"['alt z', 'indie cafe pop', 'pop']",pop
2,False,https://api.spotify.com/v1/tracks/1nDOeWBfRKA5YNQ8bKWzMM,1nDOeWBfRKA5YNQ8bKWzMM,head first,67,2020-03-10T15:28:06Z,head first,https://i.scdn.co/image/ab67616d0000b2733d80cc0afef5bf4cda483349,2019-05-17,Christian French,"['alt z', 'electropop', 'pop']",pop
3,False,https://api.spotify.com/v1/tracks/7nDYw1nNAW4dAqgmW2W3tq,7nDYw1nNAW4dAqgmW2W3tq,Almost (Sweet Music),0,2020-02-18T14:06:21Z,Almost (Sweet Music),https://i.scdn.co/image/ab67616d0000b273b72e0c5271a33a982a38ebae,2019-01-16,Hozier,"['irish singer-songwriter', 'modern rock', 'pop']",pop
4,True,https://api.spotify.com/v1/tracks/2IoVnTEyj8NdFBpWoEFrMZ,2IoVnTEyj8NdFBpWoEFrMZ,Overtime,52,2020-02-15T17:22:12Z,Overtime,https://i.scdn.co/image/ab67616d0000b273a8eb60dbb60a166dcf03658b,2019-07-24,Big Sean,"['detroit hip hop', 'hip hop', 'pop rap', 'rap', 'southern hip hop', 'trap']",pop rap
5,False,https://api.spotify.com/v1/tracks/18uwL0vNUanqZH0ro2QcOP,18uwL0vNUanqZH0ro2QcOP,comethru,80,2020-02-03T18:17:15Z,"summer,",https://i.scdn.co/image/ab67616d0000b273cb16227d90152c2a5022bba1,2018-09-28,Jeremy Zucker,"['electropop', 'pop', 'post-teen pop']",pop
6,False,https://api.spotify.com/v1/tracks/0BHNx4kXZBpSjtgc4WNaDz,0BHNx4kXZBpSjtgc4WNaDz,Too Good,0,2020-02-03T17:32:15Z,Views,https://i.scdn.co/image/ab67616d0000b273baafa08907a9f9e0ec1a0786,2016-05-06,"Drake, Rihanna","['canadian hip hop', 'canadian pop', 'hip hop', 'pop rap', 'rap', 'toronto rap']",pop rap
7,True,https://api.spotify.com/v1/tracks/7vRriwrloYVaoAe3a9wJHe,7vRriwrloYVaoAe3a9wJHe,"i hate u, i love u (feat. olivia o'brien)",80,2020-02-03T17:26:10Z,us,https://i.scdn.co/image/ab67616d0000b27308862f843ea27f44f8e8cbd8,2016-03-25,"gnash, Olivia O'Brien","['alt z', 'electropop', 'indie cafe pop', 'pop', 'sad rap', 'social media pop']",pop
8,False,https://api.spotify.com/v1/tracks/6FE2iI43OZnszFLuLtvvmg,6FE2iI43OZnszFLuLtvvmg,Classic,81,2020-02-03T16:55:30Z,MKTO,https://i.scdn.co/image/ab67616d0000b273a3aa50c6d18d38be136bd67d,2012,MKTO,"['dance pop', 'pop', 'pop rap', 'pop rock', 'post-teen pop']",pop
9,True,https://api.spotify.com/v1/tracks/40YcuQysJ0KlGQTeGUosTC,40YcuQysJ0KlGQTeGUosTC,"Me, Myself & I",76,2020-02-03T16:33:12Z,When It's Dark Out,https://i.scdn.co/image/ab67616d0000b27398acfa8c055deedc25e6081d,2015-12-04,"G-Eazy, Bebe Rexha","['hip hop', 'indie pop rap', 'oakland hip hop', 'pop rap', 'rap']",pop rap
10,False,https://api.spotify.com/v1/tracks/4E5P1XyAFtrjpiIxkydly4,4E5P1XyAFtrjpiIxkydly4,Replay,77,2020-02-03T13:50:50Z,Replay,https://i.scdn.co/image/ab67616d0000b273ae7012fce99c2b2345b54f30,2009-08-18,Iyaz,"['dance pop', 'pop rap', 'post-teen pop']",pop rap
11,False,https://api.spotify.com/v1/tracks/2Za1AlJNvksouPPWbXpR2X,2Za1AlJNvksouPPWbXpR2X,Good Old Days (feat. Kesha),72,2020-02-03T13:44:52Z,GEMINI,https://i.scdn.co/image/ab67616d0000b2732e94b668c60b06deb1c3a05c,2017-09-22,"Macklemore, Kesha","['pop rap', 'seattle hip hop']",pop rap
12,False,https://api.spotify.com/v1/tracks/0J01Zla0ElnymcpOdNEf7i,0J01Zla0ElnymcpOdNEf7i,Unsteady - Live Session / Acoustic Version,39,2020-01-14T12:26:27Z,This is Acoustic (Live Session / Acoustic Version),https://i.scdn.co/image/ab67616d0000b273e4b4dae541b5ac86d901d29c,2015-12-04,X Ambassadors,"['indie poptimism', 'modern alternative rock', 'modern rock', 'pop', 'pop rock', 'rock', 'stomp pop']",pop
13,False,https://api.spotify.com/v1/tracks/3nKRYKbGxhzv4BbwlLOcWU,3nKRYKbGxhzv4BbwlLOcWU,Mansion,66,2019-12-26T01:10:32Z,Mansion,https://i.scdn.co/image/ab67616d0000b27395d5d85909d5deb5cee9f311,2015-03-31,"NF, Fleurie","['hip hop', 'pop rap', 'rap']",pop rap
14,False,https://api.spotify.com/v1/tracks/3gLlcZQMvpwgtV9THHXrGp,3gLlcZQMvpwgtV9THHXrGp,Runnin' With The Devil,0,2019-12-14T01:11:30Z,Van Halen (Reissue),https://i.scdn.co/image/ab67616d0000b273d0225e4a37f185ebe0885e09,1978-02-07,Van Halen,"['album rock', 'classic rock', 'hard rock', 'metal', 'rock']",rock
15,True,https://api.spotify.com/v1/tracks/2igwFfvr1OAGX9SKDCPBwO,2igwFfvr1OAGX9SKDCPBwO,Empire State Of Mind,80,2019-12-11T12:51:52Z,The Blueprint 3,https://i.scdn.co/image/ab67616d0000b273fec1b815bb3c50a64a90fd10,2009-09-08,"JAY-Z, Alicia Keys","['east coast hip hop', 'hip hop', 'pop rap', 'rap']",pop rap
16,True,https://api.spotify.com/v1/tracks/5IlQXBdOtCsrDpN7NiBgex,5IlQXBdOtCsrDpN7NiBgex,Off U,40,2019-12-10T19:42:55Z,Off U,https://i.scdn.co/image/ab67616d0000b27346c73bf93e01262226cc648f,2017-08-11,Travis Mills,['pop rap'],pop rap
17,False,https://api.spotify.com/v1/tracks/3Y3EfOYx8TaDSeLLJvjP0N,3Y3EfOYx8TaDSeLLJvjP0N,Way Up,48,2019-12-10T19:37:11Z,Hali 2 Cali,https://i.scdn.co/image/ab67616d0000b2736c17f2050a32e093c150da6c,2019-03-29,Bishu,"['bass trap', 'electro house', 'future bass', 'gaming edm', 'pop edm', 'traprun']",electro house
18,False,https://api.spotify.com/v1/tracks/359lSGQwvAM3aZA5UNwqiQ,359lSGQwvAM3aZA5UNwqiQ,If You Ever Wanna Be In Love - James Bay Spotify Session 2015,67,2019-12-10T14:03:14Z,James Bay Spotify Session 2015,https://i.scdn.co/image/ab67616d0000b2734024ec25e62e5d43c4bd1f1d,2015-08-07,James Bay,"['modern rock', 'neo mellow', 'pop', 'pop rock']",pop
19,False,https://api.spotify.com/v1/tracks/1CS7Sd1u5tWkstBhpssyjP,1CS7Sd1u5tWkstBhpssyjP,Take Me to Church,76,2019-12-10T10:46:37Z,Hozier (Expanded Edition),https://i.scdn.co/image/ab67616d0000b2734ca68d59a4a29c856a4a39c2,2014-09-19,Hozier,"['irish singer-songwriter', 'modern rock', 'pop']",pop
0,False,https://api.spotify.com/v1/tracks/4BZufKgQKJNUEd4NNYHc63,4BZufKgQKJNUEd4NNYHc63,Glow (feat. Jeremy Zucker),44,2020-03-16T11:14:48Z,Glow (feat. Jeremy Zucker) - Single,https://i.scdn.co/image/ab67616d0000b273746ac43c82157a4c2bb2146f,2015-12-11,"Justice Skolnik, Jeremy Zucker",[],Unknown
1,True,https://api.spotify.com/v1/tracks/6sjBzi06wbrdzkyHWTF221,6sjBzi06wbrdzkyHWTF221,Better Now - Acoustic,45,2020-03-16T11:08:13Z,Better Now (Acoustic),https://i.scdn.co/image/ab67616d0000b2738b146b57c686ca01eaf1e230,2017-09-08,Etham,"['alt z', 'indie cafe pop', 'pop']",pop
2,False,https://api.spotify.com/v1/tracks/1nDOeWBfRKA5YNQ8bKWzMM,1nDOeWBfRKA5YNQ8bKWzMM,head first,67,2020-03-10T15:28:06Z,head first,https://i.scdn.co/image/ab67616d0000b2733d80cc0afef5bf4cda483349,2019-05-17,Christian French,"['alt z', 'electropop', 'pop']",pop
3,False,https://api.spotify.com/v1/tracks/7nDYw1nNAW4dAqgmW2W3tq,7nDYw1nNAW4dAqgmW2W3tq,Almost (Sweet Music),0,2020-02-18T14:06:21Z,Almost (Sweet Music),https://i.scdn.co/image/ab67616d0000b273b72e0c5271a33a982a38ebae,2019-01-16,Hozier,"['irish singer-songwriter', 'modern rock', 'pop']",pop
4,True,https://api.spotify.com/v1/tracks/2IoVnTEyj8NdFBpWoEFrMZ,2IoVnTEyj8NdFBpWoEFrMZ,Overtime,52,2020-02-15T17:22:12Z,Overtime,https://i.scdn.co/image/ab67616d0000b273a8eb60dbb60a166dcf03658b,2019-07-24,Big Sean,"['detroit hip hop', 'hip hop', 'pop rap', 'rap', 'southern hip hop', 'trap']",pop rap
5,False,https://api.spotify.com/v1/tracks/18uwL0vNUanqZH0ro2QcOP,18uwL0vNUanqZH0ro2QcOP,comethru,80,2020-02-03T18:17:15Z,"summer,",https://i.scdn.co/image/ab67616d0000b273cb16227d90152c2a5022bba1,2018-09-28,Jeremy Zucker,"['electropop', 'pop', 'post-teen pop']",pop
6,False,https://api.spotify.com/v1/tracks/0BHNx4kXZBpSjtgc4WNaDz,0BHNx4kXZBpSjtgc4WNaDz,Too Good,0,2020-02-03T17:32:15Z,Views,https://i.scdn.co/image/ab67616d0000b273baafa08907a9f9e0ec1a0786,2016-05-06,"Drake, Rihanna","['canadian hip hop', 'canadian pop', 'hip hop', 'pop rap', 'rap', 'toronto rap']",pop rap
7,True,https://api.spotify.com/v1/tracks/7vRriwrloYVaoAe3a9wJHe,7vRriwrloYVaoAe3a9wJHe,"i hate u, i love u (feat. olivia o'brien)",80,2020-02-03T17:26:10Z,us,https://i.scdn.co/image/ab67616d0000b27308862f843ea27f44f8e8cbd8,2016-03-25,"gnash, Olivia O'Brien","['alt z', 'electropop', 'indie cafe pop', 'pop', 'sad rap', 'social media pop']",pop
8,False,https://api.spotify.com/v1/tracks/6FE2iI43OZnszFLuLtvvmg,6FE2iI43OZnszFLuLtvvmg,Classic,81,2020-02-03T16:55:30Z,MKTO,https://i.scdn.co/image/ab67616d0000b273a3aa50c6d18d38be136bd67d,2012,MKTO,"['dance pop', 'pop', 'pop rap', 'pop rock', 'post-teen pop']",pop
9,True,https://api.spotify.com/v1/tracks/40YcuQysJ0KlGQTeGUosTC,40YcuQysJ0KlGQTeGUosTC,"Me, Myself & I",76,2020-02-03T16:33:12Z,When It's Dark Out,https://i.scdn.co/image/ab67616d0000b27398acfa8c055deedc25e6081d,2015-12-04,"G-Eazy, Bebe Rexha","['hip hop', 'indie pop rap', 'oakland hip hop', 'pop rap', 'rap']",pop rap
10,False,https://api.spotify.com/v1/tracks/4E5P1XyAFtrjpiIxkydly4,4E5P1XyAFtrjpiIxkydly4,Replay,77,2020-02-03T13:50:50Z,Replay,https://i.scdn.co/image/ab67616d0000b273ae7012fce99c2b2345b54f30,2009-08-18,Iyaz,"['dance pop', 'pop rap', 'post-teen pop']",pop rap
11,False,https://api.spotify.com/v1/tracks/2Za1AlJNvksouPPWbXpR2X,2Za1AlJNvksouPPWbXpR2X,Good Old Days (feat. Kesha),72,2020-02-03T13:44:52Z,GEMINI,https://i.scdn.co/image/ab67616d0000b2732e94b668c60b06deb1c3a05c,2017-09-22,"Macklemore, Kesha","['pop rap', 'seattle hip hop']",pop rap
12,False,https://api.spotify.com/v1/tracks/0J01Zla0ElnymcpOdNEf7i,0J01Zla0ElnymcpOdNEf7i,Unsteady - Live Session / Acoustic Version,39,2020-01-14T12:26:27Z,This is Acoustic (Live Session / Acoustic Version),https://i.scdn.co/image/ab67616d0000b273e4b4dae541b5ac86d901d29c,2015-12-04,X Ambassadors,"['indie poptimism', 'modern alternative rock', 'modern rock', 'pop', 'pop rock', 'rock', 'stomp pop']",pop
13,False,https://api.spotify.com/v1/tracks/3nKRYKbGxhzv4BbwlLOcWU,3nKRYKbGxhzv4BbwlLOcWU,Mansion,66,2019-12-26T01:10:32Z,Mansion,https://i.scdn.co/image/ab67616d0000b27395d5d85909d5deb5cee9f311,2015-03-31,"NF, Fleurie","['hip hop', 'pop rap', 'rap']",pop rap
14,False,https://api.spotify.com/v1/tracks/3gLlcZQMvpwgtV9THHXrGp,3gLlcZQMvpwgtV9THHXrGp,Runnin' With The Devil,0,2019-12-14T01:11:30Z,Van Halen (Reissue),https://i.scdn.co/image/ab67616d0000b273d0225e4a37f185ebe0885e09,1978-02-07,Van Halen,"['album rock', 'classic rock', 'hard rock', 'metal', 'rock']",rock
15,True,https://api.spotify.com/v1/tracks/2igwFfvr1OAGX9SKDCPBwO,2igwFfvr1OAGX9SKDCPBwO,Empire State Of Mind,80,2019-12-11T12:51:52Z,The Blueprint 3,https://i.scdn.co/image/ab67616d0000b273fec1b815bb3c50a64a90fd10,2009-09-08,"JAY-Z, Alicia Keys","['east coast hip hop', 'hip hop', 'pop rap', 'rap']",pop rap
16,True,https://api.spotify.com/v1/tracks/5IlQXBdOtCsrDpN7NiBgex,5IlQXBdOtCsrDpN7NiBgex,Off U,40,2019-12-10T19:42:55Z,Off U,https://i.scdn.co/image/ab67616d0000b27346c73bf93e01262226cc648f,2017-08-11,Travis Mills,['pop rap'],pop rap
17,False,https://api.spotify.com/v1/tracks/3Y3EfOYx8TaDSeLLJvjP0N,3Y3EfOYx8TaDSeLLJvjP0N,Way Up,48,2019-12-10T19:37:11Z,Hali 2 Cali,https://i.scdn.co/image/ab67616d0000b2736c17f2050a32e093c150da6c,2019-03-29,Bishu,"['bass trap', 'electro house', 'future bass', 'gaming edm', 'pop edm', 'traprun']",electro house
18,False,https://api.spotify.com/v1/tracks/359lSGQwvAM3aZA5UNwqiQ,359lSGQwvAM3aZA5UNwqiQ,If You Ever Wanna Be In Love - James Bay Spotify Session 2015,67,2019-12-10T14:03:14Z,James Bay Spotify Session 2015,https://i.scdn.co/image/ab67616d0000b2734024ec25e62e5d43c4bd1f1d,2015-08-07,James Bay,"['modern rock', 'neo mellow', 'pop', 'pop rock']",pop
19,False,https://api.spotify.com/v1/tracks/1CS7Sd1u5tWkstBhpssyjP,1CS7Sd1u5tWkstBhpssyjP,Take Me to Church,76,2019-12-10T10:46:37Z,Hozier (Expanded Edition),https://i.scdn.co/image/ab67616d0000b2734ca68d59a4a29c856a4a39c2,2014-09-19,Hozier,"['irish singer-songwriter', 'modern rock', 'pop']",pop
0,False,https://api.spotify.com/v1/tracks/0xDOvN6aCBGi3EaLD45rse,0xDOvN6aCBGi3EaLD45rse,Killswitch,42,2019-12-03T20:35:59Z,Killswitch,https://i.scdn.co/image/ab67616d0000b273d46c89c1b247dc684a66c835,2019-03-15,"JP KILLED IT, NXTMIKE","['christian hip hop', 'christian trap']",christian hip hop
1,True,https://api.spotify.com/v1/tracks/16GHcGtW9Io7AuVdNmTjv3,16GHcGtW9Io7AuVdNmTjv3,Live Your Life - feat. Rihanna,2,2019-11-26T20:33:55Z,Paper Trail,https://i.scdn.co/image/ab67616d0000b273a3c69b531fd18d1ac3310857,2008-09-08,"T.I., Rihanna","['atl hip hop', 'dance pop', 'dirty south rap', 'gangster rap', 'hip hop', 'pop rap', 'rap', 'southern hip hop', 'trap']",pop rap
2,False,https://api.spotify.com/v1/tracks/4bPQs0PHn4xbipzdPfn6du,4bPQs0PHn4xbipzdPfn6du,I Write Sins Not Tragedies,75,2019-11-26T19:47:04Z,A Fever You Can't Sweat Out,https://i.scdn.co/image/ab67616d0000b2730a8881b0d247346c3c447bf3,2005-09-27,Panic! At The Disco,"['baroque pop', 'emo', 'modern rock']",modern rock
3,False,https://api.spotify.com/v1/tracks/3ksmU0DaEUMEVzx5V6cc3z,3ksmU0DaEUMEVzx5V6cc3z,One Man Band,1,2019-11-22T19:49:02Z,Old Dominion,https://i.scdn.co/image/ab67616d0000b273a2254a9b3748f372b52b58af,2019-01-18,Old Dominion,"['contemporary country', 'country', 'country road']",contemporary country
4,False,https://api.spotify.com/v1/tracks/0jHSdjxn9LfzNL0WkDu93W,0jHSdjxn9LfzNL0WkDu93W,Cruise - Remix,57,2019-11-22T13:58:25Z,Here's To The Good Times...This Is How We Roll,https://i.scdn.co/image/ab67616d0000b273b908d0a877b7169921ff0934,2013-01-01,"Florida Georgia Line, Nelly","['contemporary country', 'country', 'country pop', 'country road', 'modern country rock']",contemporary country
5,False,https://api.spotify.com/v1/tracks/2bzitsPcImYC6DZWvvLCQi,2bzitsPcImYC6DZWvvLCQi,"Zero - From the Original Motion Picture ""Ralph Breaks The Internet""",70,2019-11-19T15:30:41Z,Origins (Deluxe),https://i.scdn.co/image/ab67616d0000b273da6f73a25f4c79d0e6b4a8bd,2018-11-09,Imagine Dragons,"['modern rock', 'rock']",modern rock
6,False,https://api.spotify.com/v1/tracks/5agxCIWiABK6l4ltmCAHoH,5agxCIWiABK6l4ltmCAHoH,Tinseltown in the Rain,53,2019-11-19T12:33:01Z,A Walk Across the Rooftops,https://i.scdn.co/image/ab67616d0000b273cf646ea1ec6ee67e433f8cff,1984-04-30,The Blue Nile,"['art rock', 'melancholia', 'new romantic', 'new wave', 'new wave pop', 'scottish new wave', 'sophisti-pop']",art rock
7,False,https://api.spotify.com/v1/tracks/639JxsYuNRIhyJB3qBABuI,639JxsYuNRIhyJB3qBABuI,GOLDEN,15,2019-11-18T12:18:51Z,Golden,https://i.scdn.co/image/ab67616d0000b273c028b7c4020fc731db479804,2019-09-20,happytree,[],Unknown
8,False,https://api.spotify.com/v1/tracks/4gB7HrYHbJVJ5RFOjxmoq4,4gB7HrYHbJVJ5RFOjxmoq4,One Number Away,71,2019-11-16T17:39:50Z,This One's for You,https://i.scdn.co/image/ab67616d0000b273b7578013decfa174e30dc298,2017-06-02,Luke Combs,['contemporary country'],contemporary country
9,False,https://api.spotify.com/v1/tracks/6ADSaE87h8Y3lccZlBJdXH,6ADSaE87h8Y3lccZlBJdXH,With Or Without You - Remastered,79,2019-11-14T13:46:59Z,The Joshua Tree (Super Deluxe),https://i.scdn.co/image/ab67616d0000b273b7bea3d01f04e6d0408d2afe,1987-03-03,U2,"['irish rock', 'permanent wave', 'rock']",rock
10,False,https://api.spotify.com/v1/tracks/2kJwzbxV2ppxnQoYw4GLBZ,2kJwzbxV2ppxnQoYw4GLBZ,If the World Was Ending - feat. Julia Michaels,85,2019-11-12T18:11:13Z,If the World Was Ending (feat. Julia Michaels),https://i.scdn.co/image/ab67616d0000b273dedbec8cca43642f06533476,2019-10-17,"JP Saxe, Julia Michaels","['alt z', 'canadian contemporary r&b', 'indie cafe pop', 'pop', 'post-teen pop']",pop
11,False,https://api.spotify.com/v1/tracks/19YmvsVCetCBeVj6O2mljR,19YmvsVCetCBeVj6O2mljR,Still Breathing,62,2019-11-11T14:57:43Z,Revolution Radio,https://i.scdn.co/image/ab67616d0000b273af71e889d130283bcd08b8a7,2016-10-07,Green Day,"['permanent wave', 'pop punk', 'punk']",permanent wave
12,False,https://api.spotify.com/v1/tracks/7B8VwAAFRD9gtquCml2tFe,7B8VwAAFRD9gtquCml2tFe,Skyreach,54,2019-11-06T16:52:18Z,Various BLUE,https://i.scdn.co/image/ab67616d0000b273f451b17eb0fa52b849f6b88b,2016-09-23,Amamiya Sora,"['anime', 'seiyu']",anime
13,True,https://api.spotify.com/v1/tracks/30wxgEc4mfZ4FjNgCIfhhV,30wxgEc4mfZ4FjNgCIfhhV,Flawed (feat. Skrizzly Adams),37,2019-11-05T16:41:39Z,Flawed (feat. Skrizzly Adams),https://i.scdn.co/image/ab67616d0000b27373b692ce7423cdcdd75f0da1,2019-08-28,"Chris Webby, Skrizzly Adams","['indie pop rap', 'pop rap', 'rap']",pop rap
14,False,https://api.spotify.com/v1/tracks/0Z26mbSHJ1dkUu7g9DDgif,0Z26mbSHJ1dkUu7g9DDgif,Trigger,67,2019-10-26T03:39:05Z,Trigger,https://i.scdn.co/image/ab67616d0000b2738c639ee98d8019336de10bfd,2019-10-24,"Major Lazer, Khalid, Death Stranding: Timefall, Diplo","['dance pop', 'edm', 'electro house', 'moombahton', 'pop', 'pop dance', 'pop rap']",pop
15,True,https://api.spotify.com/v1/tracks/5qEzURrIp2mJbfgBXNnQeD,5qEzURrIp2mJbfgBXNnQeD,Pops,47,2019-10-24T14:13:01Z,Pops,https://i.scdn.co/image/ab67616d0000b2732fec021ac6765e208d60c022,2018-06-08,THEY.,"['alternative r&b', 'pop', 'pop r&b', 'pop rap', 'r&b', 'trap soul', 'underground hip hop']",pop
16,True,https://api.spotify.com/v1/tracks/0OgGn1ofaj55l2PcihQQGV,0OgGn1ofaj55l2PcihQQGV,Drew Barrymore,68,2019-10-23T18:56:24Z,Drew Barrymore,https://i.scdn.co/image/ab67616d0000b2733390cb0fc677f87704d246f3,2017-12-01,Bryce Vine,"['electropop', 'pop', 'pop rap']",pop
17,True,https://api.spotify.com/v1/tracks/0xNDvMqlGkOLEH66Z45FCL,0xNDvMqlGkOLEH66Z45FCL,Greet Her,62,2019-10-23T18:43:43Z,Northsbest (Extended),https://i.scdn.co/image/ab67616d0000b273db953460d6de87c6d6788cb5,2018-10-19,Lil Mosey,"['melodic rap', 'rap', 'rap conscient', 'trap', 'vapor trap']",rap
18,True,https://api.spotify.com/v1/tracks/29ZZAShKhwRUuKULSNtxX6,29ZZAShKhwRUuKULSNtxX6,Switch,63,2019-10-23T18:36:50Z,East Atlanta Love Letter,https://i.scdn.co/image/ab67616d0000b273e1530b42603367fdb2208d88,2018-09-14,6LACK,"['alternative r&b', 'atl hip hop', 'hip hop', 'melodic rap', 'pop rap', 'r&b', 'rap', 'trap']",pop rap
19,True,https://api.spotify.com/v1/tracks/0jqBo5RYn008f4ZY8kPewW,0jqBo5RYn008f4ZY8kPewW,Indica Badu,62,2019-10-16T15:24:42Z,Bobby Tarantino II,https://i.scdn.co/image/ab67616d0000b273e19b1b51cdd35051e17cf6dc,2018-03-09,"Logic, Wiz Khalifa","['conscious hip hop', 'dmv rap', 'hip hop', 'pop rap', 'rap']",pop rap
0,False,https://api.spotify.com/v1/tracks/0xDOvN6aCBGi3EaLD45rse,0xDOvN6aCBGi3EaLD45rse,Killswitch,42,2019-12-03T20:35:59Z,Killswitch,https://i.scdn.co/image/ab67616d0000b273d46c89c1b247dc684a66c835,2019-03-15,"JP KILLED IT, NXTMIKE","['christian hip hop', 'christian trap']",christian hip hop
1,True,https://api.spotify.com/v1/tracks/16GHcGtW9Io7AuVdNmTjv3,16GHcGtW9Io7AuVdNmTjv3,Live Your Life - feat. Rihanna,2,2019-11-26T20:33:55Z,Paper Trail,https://i.scdn.co/image/ab67616d0000b273a3c69b531fd18d1ac3310857,2008-09-08,"T.I., Rihanna","['atl hip hop', 'dance pop', 'dirty south rap', 'gangster rap', 'hip hop', 'pop rap', 'rap', 'southern hip hop', 'trap']",pop rap
2,False,https://api.spotify.com/v1/tracks/4bPQs0PHn4xbipzdPfn6du,4bPQs0PHn4xbipzdPfn6du,I Write Sins Not Tragedies,75,2019-11-26T19:47:04Z,A Fever You Can't Sweat Out,https://i.scdn.co/image/ab67616d0000b2730a8881b0d247346c3c447bf3,2005-09-27,Panic! At The Disco,"['baroque pop', 'emo', 'modern rock']",modern rock
3,False,https://api.spotify.com/v1/tracks/3ksmU0DaEUMEVzx5V6cc3z,3ksmU0DaEUMEVzx5V6cc3z,One Man Band,1,2019-11-22T19:49:02Z,Old Dominion,https://i.scdn.co/image/ab67616d0000b273a2254a9b3748f372b52b58af,2019-01-18,Old Dominion,"['contemporary country', 'country', 'country road']",contemporary country
4,False,https://api.spotify.com/v1/tracks/0jHSdjxn9LfzNL0WkDu93W,0jHSdjxn9LfzNL0WkDu93W,Cruise - Remix,57,2019-11-22T13:58:25Z,Here's To The Good Times...This Is How We Roll,https://i.scdn.co/image/ab67616d0000b273b908d0a877b7169921ff0934,2013-01-01,"Florida Georgia Line, Nelly","['contemporary country', 'country', 'country pop', 'country road', 'modern country rock']",contemporary country
5,False,https://api.spotify.com/v1/tracks/2bzitsPcImYC6DZWvvLCQi,2bzitsPcImYC6DZWvvLCQi,"Zero - From the Original Motion Picture ""Ralph Breaks The Internet""",70,2019-11-19T15:30:41Z,Origins (Deluxe),https://i.scdn.co/image/ab67616d0000b273da6f73a25f4c79d0e6b4a8bd,2018-11-09,Imagine Dragons,"['modern rock', 'rock']",modern rock
6,False,https://api.spotify.com/v1/tracks/5agxCIWiABK6l4ltmCAHoH,5agxCIWiABK6l4ltmCAHoH,Tinseltown in the Rain,53,2019-11-19T12:33:01Z,A Walk Across the Rooftops,https://i.scdn.co/image/ab67616d0000b273cf646ea1ec6ee67e433f8cff,1984-04-30,The Blue Nile,"['art rock', 'melancholia', 'new romantic', 'new wave', 'new wave pop', 'scottish new wave', 'sophisti-pop']",art rock
7,False,https://api.spotify.com/v1/tracks/639JxsYuNRIhyJB3qBABuI,639JxsYuNRIhyJB3qBABuI,GOLDEN,15,2019-11-18T12:18:51Z,Golden,https://i.scdn.co/image/ab67616d0000b273c028b7c4020fc731db479804,2019-09-20,happytree,[],Unknown
8,False,https://api.spotify.com/v1/tracks/4gB7HrYHbJVJ5RFOjxmoq4,4gB7HrYHbJVJ5RFOjxmoq4,One Number Away,71,2019-11-16T17:39:50Z,This One's for You,https://i.scdn.co/image/ab67616d0000b273b7578013decfa174e30dc298,2017-06-02,Luke Combs,['contemporary country'],contemporary country
9,False,https://api.spotify.com/v1/tracks/6ADSaE87h8Y3lccZlBJdXH,6ADSaE87h8Y3lccZlBJdXH,With Or Without You - Remastered,79,2019-11-14T13:46:59Z,The Joshua Tree (Super Deluxe),https://i.scdn.co/image/ab67616d0000b273b7bea3d01f04e6d0408d2afe,1987-03-03,U2,"['irish rock', 'permanent wave', 'rock']",rock
10,False,https://api.spotify.com/v1/tracks/2kJwzbxV2ppxnQoYw4GLBZ,2kJwzbxV2ppxnQoYw4GLBZ,If the World Was Ending - feat. Julia Michaels,85,2019-11-12T18:11:13Z,If the World Was Ending (feat. Julia Michaels),https://i.scdn.co/image/ab67616d0000b273dedbec8cca43642f06533476,2019-10-17,"JP Saxe, Julia Michaels","['alt z', 'canadian contemporary r&b', 'indie cafe pop', 'pop', 'post-teen pop']",pop
11,False,https://api.spotify.com/v1/tracks/19YmvsVCetCBeVj6O2mljR,19YmvsVCetCBeVj6O2mljR,Still Breathing,62,2019-11-11T14:57:43Z,Revolution Radio,https://i.scdn.co/image/ab67616d0000b273af71e889d130283bcd08b8a7,2016-10-07,Green Day,"['permanent wave', 'pop punk', 'punk']",permanent wave
12,False,https://api.spotify.com/v1/tracks/7B8VwAAFRD9gtquCml2tFe,7B8VwAAFRD9gtquCml2tFe,Skyreach,54,2019-11-06T16:52:18Z,Various BLUE,https://i.scdn.co/image/ab67616d0000b273f451b17eb0fa52b849f6b88b,2016-09-23,Amamiya Sora,"['anime', 'seiyu']",anime
13,True,https://api.spotify.com/v1/tracks/30wxgEc4mfZ4FjNgCIfhhV,30wxgEc4mfZ4FjNgCIfhhV,Flawed (feat. Skrizzly Adams),37,2019-11-05T16:41:39Z,Flawed (feat. Skrizzly Adams),https://i.scdn.co/image/ab67616d0000b27373b692ce7423cdcdd75f0da1,2019-08-28,"Chris Webby, Skrizzly Adams","['indie pop rap', 'pop rap', 'rap']",pop rap
14,False,https://api.spotify.com/v1/tracks/0Z26mbSHJ1dkUu7g9DDgif,0Z26mbSHJ1dkUu7g9DDgif,Trigger,67,2019-10-26T03:39:05Z,Trigger,https://i.scdn.co/image/ab67616d0000b2738c639ee98d8019336de10bfd,2019-10-24,"Major Lazer, Khalid, Death Stranding: Timefall, Diplo","['dance pop', 'edm', 'electro house', 'moombahton', 'pop', 'pop dance', 'pop rap']",pop
15,True,https://api.spotify.com/v1/tracks/5qEzURrIp2mJbfgBXNnQeD,5qEzURrIp2mJbfgBXNnQeD,Pops,47,2019-10-24T14:13:01Z,Pops,https://i.scdn.co/image/ab67616d0000b2732fec021ac6765e208d60c022,2018-06-08,THEY.,"['alternative r&b', 'pop', 'pop r&b', 'pop rap', 'r&b', 'trap soul', 'underground hip hop']",pop
16,True,https://api.spotify.com/v1/tracks/0OgGn1ofaj55l2PcihQQGV,0OgGn1ofaj55l2PcihQQGV,Drew Barrymore,68,2019-10-23T18:56:24Z,Drew Barrymore,https://i.scdn.co/image/ab67616d0000b2733390cb0fc677f87704d246f3,2017-12-01,Bryce Vine,"['electropop', 'pop', 'pop rap']",pop
17,True,https://api.spotify.com/v1/tracks/0xNDvMqlGkOLEH66Z45FCL,0xNDvMqlGkOLEH66Z45FCL,Greet Her,62,2019-10-23T18:43:43Z,Northsbest (Extended),https://i.scdn.co/image/ab67616d0000b273db953460d6de87c6d6788cb5,2018-10-19,Lil Mosey,"['melodic rap', 'rap', 'rap conscient', 'trap', 'vapor trap']",rap
18,True,https://api.spotify.com/v1/tracks/29ZZAShKhwRUuKULSNtxX6,29ZZAShKhwRUuKULSNtxX6,Switch,63,2019-10-23T18:36:50Z,East Atlanta Love Letter,https://i.scdn.co/image/ab67616d0000b273e1530b42603367fdb2208d88,2018-09-14,6LACK,"['alternative r&b', 'atl hip hop', 'hip hop', 'melodic rap', 'pop rap', 'r&b', 'rap', 'trap']",pop rap
19,True,https://api.spotify.com/v1/tracks/0jqBo5RYn008f4ZY8kPewW,0jqBo5RYn008f4ZY8kPewW,Indica Badu,62,2019-10-16T15:24:42Z,Bobby Tarantino II,https://i.scdn.co/image/ab67616d0000b273e19b1b51cdd35051e17cf6dc,2018-03-09,"Logic, Wiz Khalifa","['conscious hip hop', 'dmv rap', 'hip hop', 'pop rap', 'rap']",pop rap
0,False,https://api.spotify.com/v1/tracks/1abFkY2jm6KDFMZ7RD9YJh,1abFkY2jm6KDFMZ7RD9YJh,Painkiller,63,2019-10-15T18:44:53Z,Painkiller,https://i.scdn.co/image/ab67616d0000b2730e26c7072c6dc90b0120e0a4,2019-04-30,Ruel,"['alt z', 'australian alternative pop', 'electropop', 'indie cafe pop', 'pop', 'post-teen pop', 'social media pop']",pop
1,False,https://api.spotify.com/v1/tracks/6FFwt1ea9hJ4MfMQLywahm,6FFwt1ea9hJ4MfMQLywahm,Anthem For The Underdog,59,2019-10-14T17:30:57Z,Anthem For The Underdog (Bonus Track Version),https://i.scdn.co/image/ab67616d0000b27370c52aceda2f28c0a5a4b99d,2007-01-01,12 Stones,"['alternative metal', 'christian alternative rock', 'christian hard rock', 'christian rock', 'nu metal', 'post-grunge', 'rap rock']",alternative metal
2,True,https://api.spotify.com/v1/tracks/1xU2QZ40MY4Ex2pfczZa9U,1xU2QZ40MY4Ex2pfczZa9U,Stack It Up (feat. A Boogie Wit da Hoodie),62,2019-10-10T11:52:51Z,Stack It Up (feat. A Boogie Wit da Hoodie),https://i.scdn.co/image/ab67616d0000b273e4b7e6c24047f373a027c708,2019-09-18,"Liam Payne, A Boogie Wit da Hoodie","['dance pop', 'pop', 'post-teen pop', 'social media pop']",pop
3,False,https://api.spotify.com/v1/tracks/4Of7rzpRpV1mWRbhp5rAqG,4Of7rzpRpV1mWRbhp5rAqG,Bruises,82,2019-10-07T18:41:37Z,Divinely Uninspired To A Hellish Extent,https://i.scdn.co/image/ab67616d0000b273fc2101e6889d6ce9025f85f2,2019-05-17,Lewis Capaldi,"['pop', 'uk pop']",pop
4,True,https://api.spotify.com/v1/tracks/0W5oXFrxZNBTIS1eMW9Ofz,0W5oXFrxZNBTIS1eMW9Ofz,Saturday Nights REMIX,57,2019-10-04T01:27:20Z,Saturday Nights REMIX,https://i.scdn.co/image/ab67616d0000b273c0263605a6e068d04557b177,2019-01-11,"Khalid, Kane Brown",['pop'],pop
5,False,https://api.spotify.com/v1/tracks/6VwJchlkgjGbjU1SMyvwBN,6VwJchlkgjGbjU1SMyvwBN,Chemicals - Acoustic,52,2019-10-01T16:05:51Z,Same Kind Of Different (Acoustic),https://i.scdn.co/image/ab67616d0000b273b6a5c0a5b8d705e98a89e8e0,2017-11-17,Dean Lewis,"['australian pop', 'indie cafe pop', 'pop', 'pop rock', 'post-teen pop']",pop
6,False,https://api.spotify.com/v1/tracks/1gZFRYcPz3wKevEaNYRwfW,1gZFRYcPz3wKevEaNYRwfW,Time - Edit,63,2019-10-01T11:54:51Z,The Search,https://i.scdn.co/image/ab67616d0000b273942a0c9ac8f1def7c8805044,2019-07-26,NF,"['hip hop', 'pop rap', 'rap']",pop rap
7,True,https://api.spotify.com/v1/tracks/0rFQ5cKYJ9WtHSKp9sxVYt,0rFQ5cKYJ9WtHSKp9sxVYt,Heartless (feat. Morgan Wallen),2,2019-10-01T11:39:28Z,Heartless (feat. Morgan Wallen),https://i.scdn.co/image/ab67616d0000b273e20a3041d62cd98c267bf329,2019-08-16,"Diplo, Morgan Wallen","['bmore', 'dance pop', 'edm', 'moombahton', 'ninja', 'pop', 'pop dance', 'tropical house']",pop
8,False,https://api.spotify.com/v1/tracks/6wCWEKmAZitrBoE2nAklQ6,6wCWEKmAZitrBoE2nAklQ6,Late Night,7,2019-09-21T02:36:29Z,Late Night,https://i.scdn.co/image/ab67616d0000b273e46b3e498482dbaf94c0131f,2019-09-06,"Tynacity, Monty Datta",[],Unknown
9,False,https://api.spotify.com/v1/tracks/369yrYHtNEuzMV7gRoP5G5,369yrYHtNEuzMV7gRoP5G5,Under Pressure,19,2019-09-21T01:43:47Z,Under Pressure,https://i.scdn.co/image/ab67616d0000b273f640b7edc08de5b91fc49240,2019-09-20,Leslie Odom Jr.,"['broadway', 'hollywood', 'show tunes', 'vocal jazz']",broadway
10,False,https://api.spotify.com/v1/tracks/2b8fOow8UzyDFAE27YhOZM,2b8fOow8UzyDFAE27YhOZM,Memories,87,2019-09-21T01:42:29Z,Memories,https://i.scdn.co/image/ab67616d0000b273b8c0135a218de2d10a8435f5,2019-09-20,Maroon 5,"['pop', 'pop rock']",pop
11,False,https://api.spotify.com/v1/tracks/1maoY6K6fsTEv9fhXhBL14,1maoY6K6fsTEv9fhXhBL14,The Last Time,0,2019-09-21T01:40:44Z,The Last Time,https://i.scdn.co/image/ab67616d0000b2739a22d71aa4218b8e687f1688,2019-09-20,The Script,"['celtic rock', 'dance pop', 'neo mellow', 'pop', 'pop rock', 'post-teen pop', 'viral pop']",pop
12,False,https://api.spotify.com/v1/tracks/5HnAf2RIUvTmLfm75cVCQh,5HnAf2RIUvTmLfm75cVCQh,"Body on My (feat. brando, Pitbull & Nicky Jam)",48,2019-09-17T22:00:33Z,"Body on My (feat. brando, Pitbull & Nicky Jam)",https://i.scdn.co/image/ab67616d0000b2737ae7367ab7f0d08b048424d9,2019-03-29,"Loud Luxury, Brando, Pitbull, Nicky Jam","['dance pop', 'edm', 'electro house', 'house', 'pop', 'pop dance', 'pop edm', 'tropical house']",pop
13,True,https://api.spotify.com/v1/tracks/09Hjv8GEDhzPxqiJCw8dSB,09Hjv8GEDhzPxqiJCw8dSB,Shadow (feat. IRO) - From Songland,57,2019-09-17T16:34:12Z,Shadow (feat. IRO) [From Songland],https://i.scdn.co/image/ab67616d0000b273cc029cfbd05b649b322b76ce,2019-08-14,"Macklemore, iRO","['pop rap', 'seattle hip hop']",pop rap
14,False,https://api.spotify.com/v1/tracks/2W5WCpIzIQ2kNzBlUMJGZm,2W5WCpIzIQ2kNzBlUMJGZm,The Other Side (with MAX & Ty Dolla $ign),48,2019-08-07T21:57:23Z,The Greatest Showman: Reimagined,https://i.scdn.co/image/ab67616d0000b273828789ff08a16218b2ea9445,2018-11-16,"MAX, Ty Dolla $ign","['dance pop', 'electropop', 'pop', 'pop rap', 'post-teen pop', 'viral pop']",pop
15,False,https://api.spotify.com/v1/tracks/7Igc6JB0xPDcn5yRkkVGQX,7Igc6JB0xPDcn5yRkkVGQX,Unlonely,54,2019-08-06T13:26:17Z,Know.,https://i.scdn.co/image/ab67616d0000b2731b84102f154deb7a798ed372,2018-08-10,Jason Mraz,"['acoustic pop', 'neo mellow', 'pop', 'pop rock']",pop
16,True,https://api.spotify.com/v1/tracks/3Uyr5MbBTqccG4eByLbZGt,3Uyr5MbBTqccG4eByLbZGt,Trapper Of The Year,33,2019-08-06T13:18:28Z,Trapper Of The Year,https://i.scdn.co/image/ab67616d0000b2739cd5d188fcecee07f66e9f8e,2018-09-07,Baby E,[],Unknown
17,False,https://api.spotify.com/v1/tracks/3jvpPbTJqfyKvEOtOsn83m,3jvpPbTJqfyKvEOtOsn83m,Body,62,2019-08-05T18:18:18Z,Body,https://i.scdn.co/image/ab67616d0000b273c85a86599e5e237504221b1f,2017-10-27,"Loud Luxury, Brando","['dance pop', 'edm', 'electro house', 'house', 'pop', 'pop dance', 'pop edm', 'tropical house']",pop
18,False,https://api.spotify.com/v1/tracks/5HjBpej4uHPAX8sMeUFJms,5HjBpej4uHPAX8sMeUFJms,Crossfire,63,2019-07-29T19:23:48Z,Crossfire,https://i.scdn.co/image/ab67616d0000b2737a3203f5ad3b119b1e7da834,2015-12-07,Stephen,"['bass trap', 'indie poptimism', 'la pop']",indie poptimism
19,False,https://api.spotify.com/v1/tracks/5WLSak7DN3LY1K71oWYuoN,5WLSak7DN3LY1K71oWYuoN,I'll Be Good,60,2019-07-29T19:23:33Z,Habits of My Heart,https://i.scdn.co/image/ab67616d0000b273b5dd0cfdb2492054b434f180,2014-09-28,Jaymes Young,"['alt z', 'indie cafe pop', 'indie poptimism', 'modern rock', 'pop']",pop
0,False,https://api.spotify.com/v1/tracks/1abFkY2jm6KDFMZ7RD9YJh,1abFkY2jm6KDFMZ7RD9YJh,Painkiller,63,2019-10-15T18:44:53Z,Painkiller,https://i.scdn.co/image/ab67616d0000b2730e26c7072c6dc90b0120e0a4,2019-04-30,Ruel,"['alt z', 'australian alternative pop', 'electropop', 'indie cafe pop', 'pop', 'post-teen pop', 'social media pop']",pop
1,False,https://api.spotify.com/v1/tracks/6FFwt1ea9hJ4MfMQLywahm,6FFwt1ea9hJ4MfMQLywahm,Anthem For The Underdog,59,2019-10-14T17:30:57Z,Anthem For The Underdog (Bonus Track Version),https://i.scdn.co/image/ab67616d0000b27370c52aceda2f28c0a5a4b99d,2007-01-01,12 Stones,"['alternative metal', 'christian alternative rock', 'christian hard rock', 'christian rock', 'nu metal', 'post-grunge', 'rap rock']",alternative metal
2,True,https://api.spotify.com/v1/tracks/1xU2QZ40MY4Ex2pfczZa9U,1xU2QZ40MY4Ex2pfczZa9U,Stack It Up (feat. A Boogie Wit da Hoodie),62,2019-10-10T11:52:51Z,Stack It Up (feat. A Boogie Wit da Hoodie),https://i.scdn.co/image/ab67616d0000b273e4b7e6c24047f373a027c708,2019-09-18,"Liam Payne, A Boogie Wit da Hoodie","['dance pop', 'pop', 'post-teen pop', 'social media pop']",pop
3,False,https://api.spotify.com/v1/tracks/4Of7rzpRpV1mWRbhp5rAqG,4Of7rzpRpV1mWRbhp5rAqG,Bruises,82,2019-10-07T18:41:37Z,Divinely Uninspired To A Hellish Extent,https://i.scdn.co/image/ab67616d0000b273fc2101e6889d6ce9025f85f2,2019-05-17,Lewis Capaldi,"['pop', 'uk pop']",pop
4,True,https://api.spotify.com/v1/tracks/0W5oXFrxZNBTIS1eMW9Ofz,0W5oXFrxZNBTIS1eMW9Ofz,Saturday Nights REMIX,57,2019-10-04T01:27:20Z,Saturday Nights REMIX,https://i.scdn.co/image/ab67616d0000b273c0263605a6e068d04557b177,2019-01-11,"Khalid, Kane Brown",['pop'],pop
5,False,https://api.spotify.com/v1/tracks/6VwJchlkgjGbjU1SMyvwBN,6VwJchlkgjGbjU1SMyvwBN,Chemicals - Acoustic,52,2019-10-01T16:05:51Z,Same Kind Of Different (Acoustic),https://i.scdn.co/image/ab67616d0000b273b6a5c0a5b8d705e98a89e8e0,2017-11-17,Dean Lewis,"['australian pop', 'indie cafe pop', 'pop', 'pop rock', 'post-teen pop']",pop
6,False,https://api.spotify.com/v1/tracks/1gZFRYcPz3wKevEaNYRwfW,1gZFRYcPz3wKevEaNYRwfW,Time - Edit,63,2019-10-01T11:54:51Z,The Search,https://i.scdn.co/image/ab67616d0000b273942a0c9ac8f1def7c8805044,2019-07-26,NF,"['hip hop', 'pop rap', 'rap']",pop rap
7,True,https://api.spotify.com/v1/tracks/0rFQ5cKYJ9WtHSKp9sxVYt,0rFQ5cKYJ9WtHSKp9sxVYt,Heartless (feat. Morgan Wallen),2,2019-10-01T11:39:28Z,Heartless (feat. Morgan Wallen),https://i.scdn.co/image/ab67616d0000b273e20a3041d62cd98c267bf329,2019-08-16,"Diplo, Morgan Wallen","['bmore', 'dance pop', 'edm', 'moombahton', 'ninja', 'pop', 'pop dance', 'tropical house']",pop
8,False,https://api.spotify.com/v1/tracks/6wCWEKmAZitrBoE2nAklQ6,6wCWEKmAZitrBoE2nAklQ6,Late Night,7,2019-09-21T02:36:29Z,Late Night,https://i.scdn.co/image/ab67616d0000b273e46b3e498482dbaf94c0131f,2019-09-06,"Tynacity, Monty Datta",[],Unknown
9,False,https://api.spotify.com/v1/tracks/369yrYHtNEuzMV7gRoP5G5,369yrYHtNEuzMV7gRoP5G5,Under Pressure,19,2019-09-21T01:43:47Z,Under Pressure,https://i.scdn.co/image/ab67616d0000b273f640b7edc08de5b91fc49240,2019-09-20,Leslie Odom Jr.,"['broadway', 'hollywood', 'show tunes', 'vocal jazz']",broadway
10,False,https://api.spotify.com/v1/tracks/2b8fOow8UzyDFAE27YhOZM,2b8fOow8UzyDFAE27YhOZM,Memories,87,2019-09-21T01:42:29Z,Memories,https://i.scdn.co/image/ab67616d0000b273b8c0135a218de2d10a8435f5,2019-09-20,Maroon 5,"['pop', 'pop rock']",pop
11,False,https://api.spotify.com/v1/tracks/1maoY6K6fsTEv9fhXhBL14,1maoY6K6fsTEv9fhXhBL14,The Last Time,0,2019-09-21T01:40:44Z,The Last Time,https://i.scdn.co/image/ab67616d0000b2739a22d71aa4218b8e687f1688,2019-09-20,The Script,"['celtic rock', 'dance pop', 'neo mellow', 'pop', 'pop rock', 'post-teen pop', 'viral pop']",pop
12,False,https://api.spotify.com/v1/tracks/5HnAf2RIUvTmLfm75cVCQh,5HnAf2RIUvTmLfm75cVCQh,"Body on My (feat. brando, Pitbull & Nicky Jam)",48,2019-09-17T22:00:33Z,"Body on My (feat. brando, Pitbull & Nicky Jam)",https://i.scdn.co/image/ab67616d0000b2737ae7367ab7f0d08b048424d9,2019-03-29,"Loud Luxury, Brando, Pitbull, Nicky Jam","['dance pop', 'edm', 'electro house', 'house', 'pop', 'pop dance', 'pop edm', 'tropical house']",pop
13,True,https://api.spotify.com/v1/tracks/09Hjv8GEDhzPxqiJCw8dSB,09Hjv8GEDhzPxqiJCw8dSB,Shadow (feat. IRO) - From Songland,57,2019-09-17T16:34:12Z,Shadow (feat. IRO) [From Songland],https://i.scdn.co/image/ab67616d0000b273cc029cfbd05b649b322b76ce,2019-08-14,"Macklemore, iRO","['pop rap', 'seattle hip hop']",pop rap
14,False,https://api.spotify.com/v1/tracks/2W5WCpIzIQ2kNzBlUMJGZm,2W5WCpIzIQ2kNzBlUMJGZm,The Other Side (with MAX & Ty Dolla $ign),48,2019-08-07T21:57:23Z,The Greatest Showman: Reimagined,https://i.scdn.co/image/ab67616d0000b273828789ff08a16218b2ea9445,2018-11-16,"MAX, Ty Dolla $ign","['dance pop', 'electropop', 'pop', 'pop rap', 'post-teen pop', 'viral pop']",pop
15,False,https://api.spotify.com/v1/tracks/7Igc6JB0xPDcn5yRkkVGQX,7Igc6JB0xPDcn5yRkkVGQX,Unlonely,54,2019-08-06T13:26:17Z,Know.,https://i.scdn.co/image/ab67616d0000b2731b84102f154deb7a798ed372,2018-08-10,Jason Mraz,"['acoustic pop', 'neo mellow', 'pop', 'pop rock']",pop
16,True,https://api.spotify.com/v1/tracks/3Uyr5MbBTqccG4eByLbZGt,3Uyr5MbBTqccG4eByLbZGt,Trapper Of The Year,33,2019-08-06T13:18:28Z,Trapper Of The Year,https://i.scdn.co/image/ab67616d0000b2739cd5d188fcecee07f66e9f8e,2018-09-07,Baby E,[],Unknown
17,False,https://api.spotify.com/v1/tracks/3jvpPbTJqfyKvEOtOsn83m,3jvpPbTJqfyKvEOtOsn83m,Body,62,2019-08-05T18:18:18Z,Body,https://i.scdn.co/image/ab67616d0000b273c85a86599e5e237504221b1f,2017-10-27,"Loud Luxury, Brando","['dance pop', 'edm', 'electro house', 'house', 'pop', 'pop dance', 'pop edm', 'tropical house']",pop
18,False,https://api.spotify.com/v1/tracks/5HjBpej4uHPAX8sMeUFJms,5HjBpej4uHPAX8sMeUFJms,Crossfire,63,2019-07-29T19:23:48Z,Crossfire,https://i.scdn.co/image/ab67616d0000b2737a3203f5ad3b119b1e7da834,2015-12-07,Stephen,"['bass trap', 'indie poptimism', 'la pop']",indie poptimism
19,False,https://api.spotify.com/v1/tracks/5WLSak7DN3LY1K71oWYuoN,5WLSak7DN3LY1K71oWYuoN,I'll Be Good,60,2019-07-29T19:23:33Z,Habits of My Heart,https://i.scdn.co/image/ab67616d0000b273b5dd0cfdb2492054b434f180,2014-09-28,Jaymes Young,"['alt z', 'indie cafe pop', 'indie poptimism', 'modern rock', 'pop']",pop
0,False,https://api.spotify.com/v1/tracks/4ekEPnMf0RvF7z8rL9Xgzl,4ekEPnMf0RvF7z8rL9Xgzl,Fake Love,51,2019-07-29T18:44:02Z,Cemetery Sun,https://i.scdn.co/image/ab67616d0000b27378f1e9db9a13e05246862695,2016-11-18,Cemetery Sun,['modern alternative rock'],modern alternative rock
1,True,https://api.spotify.com/v1/tracks/4sn2mlcCdzOvS3MmAbutVR,4sn2mlcCdzOvS3MmAbutVR,Bang (feat. Eminem),49,2019-07-29T15:41:31Z,Bang (feat. Eminem),https://i.scdn.co/image/ab67616d0000b273d637e377d3192d5f6092e655,2019-07-19,"Conway the Machine, Eminem","['alternative hip hop', 'boom bap', 'buffalo hip hop', 'hardcore hip hop', 'hip hop', 'underground hip hop', 'upstate ny rap']",hip hop
2,True,https://api.spotify.com/v1/tracks/1opARDDYaOeE1QUdwXmBGu,1opARDDYaOeE1QUdwXmBGu,Caught Up (feat. Khalid),64,2019-07-29T14:37:55Z,Caught Up (feat. Khalid),https://i.scdn.co/image/ab67616d0000b2738abe0e9dae9f218368dfb3b5,2019-07-24,"Majid Jordan, Khalid","['alternative r&b', 'canadian contemporary r&b', 'pop', 'r&b', 'trap soul']",pop
3,False,https://api.spotify.com/v1/tracks/7AgMX97ljLm9BzszyyXEYZ,7AgMX97ljLm9BzszyyXEYZ,Jazz (We've Got),58,2019-07-27T03:58:13Z,The Low End Theory,https://i.scdn.co/image/ab67616d0000b273f38c6b37a21334e22005b1f7,1991-09-24,A Tribe Called Quest,"['alternative hip hop', 'conscious hip hop', 'east coast hip hop', 'gangster rap', 'golden age hip hop', 'hardcore hip hop', 'hip hop', 'jazz rap', 'queens hip hop', 'rap']",rap
4,True,https://api.spotify.com/v1/tracks/6Bqn71zg1dznO7Ck8ykEWc,6Bqn71zg1dznO7Ck8ykEWc,Jazz,1,2019-07-27T03:46:22Z,The Water (S),https://i.scdn.co/image/ab67616d0000b273fc9575d24f452f2584958bb7,2014-08-12,Mick Jenkins,"['chicago rap', 'conscious hip hop', 'drill', 'escape room', 'hip hop', 'rap', 'underground hip hop']",rap
5,False,https://api.spotify.com/v1/tracks/3V0xcq6HiLRuZZMuFiAAgY,3V0xcq6HiLRuZZMuFiAAgY,Wrong,34,2019-07-27T00:34:30Z,Wrong,https://i.scdn.co/image/ab67616d0000b273956a8009072799cfd38ea09e,2019-07-15,Jordan Brown,[],Unknown
6,False,https://api.spotify.com/v1/tracks/7ILEWkpfdK6AjH2D7jppWk,7ILEWkpfdK6AjH2D7jppWk,Don't Check On Me (feat. Justin Bieber & Ink),65,2019-07-25T16:46:33Z,Indigo,https://i.scdn.co/image/ab67616d0000b2739e588b0c2afe8178b2b76231,2019-06-28,"Chris Brown, Justin Bieber, Ink","['dance pop', 'pop', 'pop rap', 'r&b', 'rap']",pop
7,False,https://api.spotify.com/v1/tracks/0vTJP35J4M1PY9iAA8UmbV,0vTJP35J4M1PY9iAA8UmbV,Sao Paulo Sunset,54,2019-07-24T17:14:17Z,Summer Days,https://i.scdn.co/image/ab67616d0000b273b41404a8eca1f66a6d5b8b9b,2019-03-08,Saib,"['chillhop', 'focus beats', 'japanese chillhop', 'lo-fi beats', 'lo-fi jazzhop']",chillhop
8,True,https://api.spotify.com/v1/tracks/6qwGBEapykrbAHTYlYwONN,6qwGBEapykrbAHTYlYwONN,Cole World,0,2019-07-23T14:09:59Z,Cole World: The Sideline Story,https://i.scdn.co/image/ab67616d0000b273f8a619752d418f3d6d73b2b2,2011-09-23,J. Cole,"['conscious hip hop', 'north carolina hip hop', 'rap']",rap
9,False,https://api.spotify.com/v1/tracks/5LaxA3Vqu1huHZCQHUXnr3,5LaxA3Vqu1huHZCQHUXnr3,Strands,42,2019-07-21T13:06:24Z,Returnings,https://i.scdn.co/image/ab67616d0000b273e6db5f551fde3b04edcba775,2018-03-23,"Jakob Bro, Palle Mikkelborg, Thomas Morgan, Jon Christensen","['belgian jazz', 'contemporary jazz', 'danish jazz', 'ecm-style jazz', 'jazz guitar']",belgian jazz
10,False,https://api.spotify.com/v1/tracks/4vIKzWqtn44umal5jXq4wE,4vIKzWqtn44umal5jXq4wE,1000 Nights (feat. Meek Mill & A Boogie Wit da Hoodie),58,2019-07-13T00:04:54Z,No.6 Collaborations Project,https://i.scdn.co/image/ab67616d0000b27373304ce0653c7758dd94b259,2019-07-12,"Ed Sheeran, Meek Mill, A Boogie Wit da Hoodie","['pop', 'uk pop']",pop
11,False,https://api.spotify.com/v1/tracks/5d1rmWWF1725tnYjq6rMDB,5d1rmWWF1725tnYjq6rMDB,Way To Break My Heart (feat. Skrillex),57,2019-07-12T23:57:09Z,No.6 Collaborations Project,https://i.scdn.co/image/ab67616d0000b27373304ce0653c7758dd94b259,2019-07-12,"Ed Sheeran, Skrillex","['pop', 'uk pop']",pop
12,False,https://api.spotify.com/v1/tracks/2qRN7PWiHRLprw4FpDeI9N,2qRN7PWiHRLprw4FpDeI9N,Nothing On You (feat. Paulo Londra & Dave),62,2019-07-12T23:36:01Z,No.6 Collaborations Project,https://i.scdn.co/image/ab67616d0000b27373304ce0653c7758dd94b259,2019-07-12,"Ed Sheeran, Paulo Londra, Dave","['pop', 'uk pop']",pop
13,True,https://api.spotify.com/v1/tracks/0AtP8EkGPn6SwxKDaUuXec,0AtP8EkGPn6SwxKDaUuXec,Remember The Name (feat. Eminem & 50 Cent),68,2019-07-12T23:29:03Z,No.6 Collaborations Project,https://i.scdn.co/image/ab67616d0000b27373304ce0653c7758dd94b259,2019-07-12,"Ed Sheeran, Eminem, 50 Cent","['pop', 'uk pop']",pop
14,True,https://api.spotify.com/v1/tracks/5IWMH89twdzA3XZpjW4Gvq,5IWMH89twdzA3XZpjW4Gvq,Summertime In Paris,47,2019-07-10T15:24:00Z,ERYS,https://i.scdn.co/image/ab67616d0000b273ab4d076dc3ee74b4cccb935d,2019-07-05,"Jaden, WILLOW","['hip hop', 'pop', 'pop rap', 'rap']",pop
15,False,https://api.spotify.com/v1/tracks/44vXWYTcdrejrIQZEoHzl8,44vXWYTcdrejrIQZEoHzl8,Lights,67,2019-07-10T15:08:14Z,Lights/Boy With Luv,https://i.scdn.co/image/ab67616d0000b27331ac28409bdbb01e7eb467bf,2019-07-03,BTS,"['k-pop', 'k-pop boy group']",k-pop
16,False,https://api.spotify.com/v1/tracks/0PCzvN7rQyI438jHSk1ZiP,0PCzvN7rQyI438jHSk1ZiP,The Goodbye Song,40,2019-07-10T13:18:48Z,Two-Player Game,https://i.scdn.co/image/ab67616d0000b273db6f875589299c5ae2bfd833,2018-05-11,"George Salazar, Joe Iconis","['broadway', 'show tunes']",broadway
17,False,https://api.spotify.com/v1/tracks/7pxL0DzPpCjjcdfQccvnus,7pxL0DzPpCjjcdfQccvnus,Una Vida Para Recordar,67,2019-07-10T12:06:37Z,Una Vida Para Recordar,https://i.scdn.co/image/ab67616d0000b273d887275824df99401271ff8e,2019-07-05,"Piso 21, Myke Towers","['colombian pop', 'latin', 'latin pop', 'reggaeton', 'reggaeton colombiano', 'trap latino']",latin
18,False,https://api.spotify.com/v1/tracks/53vkuKvvsp0sMrZF44vHWM,53vkuKvvsp0sMrZF44vHWM,Rotate (Clockwise),49,2019-07-10T11:51:33Z,Rotate (Clockwise),https://i.scdn.co/image/ab67616d0000b273542429fc67c9584cac6c4c30,2019-07-05,Rak-Su,"['post-teen pop', 'uk pop']",post-teen pop
19,False,https://api.spotify.com/v1/tracks/25ZAibhr3bdlMCLmubZDVt,25ZAibhr3bdlMCLmubZDVt,QUE PRETENDES,77,2019-07-09T23:46:38Z,OASIS,https://i.scdn.co/image/ab67616d0000b2734891d9b25d8919448388f3bb,2019-06-28,"J Balvin, Bad Bunny","['latin', 'reggaeton', 'reggaeton colombiano', 'trap latino']",latin
0,False,https://api.spotify.com/v1/tracks/4ekEPnMf0RvF7z8rL9Xgzl,4ekEPnMf0RvF7z8rL9Xgzl,Fake Love,51,2019-07-29T18:44:02Z,Cemetery Sun,https://i.scdn.co/image/ab67616d0000b27378f1e9db9a13e05246862695,2016-11-18,Cemetery Sun,['modern alternative rock'],modern alternative rock
1,True,https://api.spotify.com/v1/tracks/4sn2mlcCdzOvS3MmAbutVR,4sn2mlcCdzOvS3MmAbutVR,Bang (feat. Eminem),49,2019-07-29T15:41:31Z,Bang (feat. Eminem),https://i.scdn.co/image/ab67616d0000b273d637e377d3192d5f6092e655,2019-07-19,"Conway the Machine, Eminem","['alternative hip hop', 'boom bap', 'buffalo hip hop', 'hardcore hip hop', 'hip hop', 'underground hip hop', 'upstate ny rap']",hip hop
2,True,https://api.spotify.com/v1/tracks/1opARDDYaOeE1QUdwXmBGu,1opARDDYaOeE1QUdwXmBGu,Caught Up (feat. Khalid),64,2019-07-29T14:37:55Z,Caught Up (feat. Khalid),https://i.scdn.co/image/ab67616d0000b2738abe0e9dae9f218368dfb3b5,2019-07-24,"Majid Jordan, Khalid","['alternative r&b', 'canadian contemporary r&b', 'pop', 'r&b', 'trap soul']",pop
3,False,https://api.spotify.com/v1/tracks/7AgMX97ljLm9BzszyyXEYZ,7AgMX97ljLm9BzszyyXEYZ,Jazz (We've Got),58,2019-07-27T03:58:13Z,The Low End Theory,https://i.scdn.co/image/ab67616d0000b273f38c6b37a21334e22005b1f7,1991-09-24,A Tribe Called Quest,"['alternative hip hop', 'conscious hip hop', 'east coast hip hop', 'gangster rap', 'golden age hip hop', 'hardcore hip hop', 'hip hop', 'jazz rap', 'queens hip hop', 'rap']",rap
4,True,https://api.spotify.com/v1/tracks/6Bqn71zg1dznO7Ck8ykEWc,6Bqn71zg1dznO7Ck8ykEWc,Jazz,1,2019-07-27T03:46:22Z,The Water (S),https://i.scdn.co/image/ab67616d0000b273fc9575d24f452f2584958bb7,2014-08-12,Mick Jenkins,"['chicago rap', 'conscious hip hop', 'drill', 'escape room', 'hip hop', 'rap', 'underground hip hop']",rap
5,False,https://api.spotify.com/v1/tracks/3V0xcq6HiLRuZZMuFiAAgY,3V0xcq6HiLRuZZMuFiAAgY,Wrong,34,2019-07-27T00:34:30Z,Wrong,https://i.scdn.co/image/ab67616d0000b273956a8009072799cfd38ea09e,2019-07-15,Jordan Brown,[],Unknown
6,False,https://api.spotify.com/v1/tracks/7ILEWkpfdK6AjH2D7jppWk,7ILEWkpfdK6AjH2D7jppWk,Don't Check On Me (feat. Justin Bieber & Ink),65,2019-07-25T16:46:33Z,Indigo,https://i.scdn.co/image/ab67616d0000b2739e588b0c2afe8178b2b76231,2019-06-28,"Chris Brown, Justin Bieber, Ink","['dance pop', 'pop', 'pop rap', 'r&b', 'rap']",pop
7,False,https://api.spotify.com/v1/tracks/0vTJP35J4M1PY9iAA8UmbV,0vTJP35J4M1PY9iAA8UmbV,Sao Paulo Sunset,54,2019-07-24T17:14:17Z,Summer Days,https://i.scdn.co/image/ab67616d0000b273b41404a8eca1f66a6d5b8b9b,2019-03-08,Saib,"['chillhop', 'focus beats', 'japanese chillhop', 'lo-fi beats', 'lo-fi jazzhop']",chillhop
8,True,https://api.spotify.com/v1/tracks/6qwGBEapykrbAHTYlYwONN,6qwGBEapykrbAHTYlYwONN,Cole World,0,2019-07-23T14:09:59Z,Cole World: The Sideline Story,https://i.scdn.co/image/ab67616d0000b273f8a619752d418f3d6d73b2b2,2011-09-23,J. Cole,"['conscious hip hop', 'north carolina hip hop', 'rap']",rap
9,False,https://api.spotify.com/v1/tracks/5LaxA3Vqu1huHZCQHUXnr3,5LaxA3Vqu1huHZCQHUXnr3,Strands,42,2019-07-21T13:06:24Z,Returnings,https://i.scdn.co/image/ab67616d0000b273e6db5f551fde3b04edcba775,2018-03-23,"Jakob Bro, Palle Mikkelborg, Thomas Morgan, Jon Christensen","['belgian jazz', 'contemporary jazz', 'danish jazz', 'ecm-style jazz', 'jazz guitar']",belgian jazz
10,False,https://api.spotify.com/v1/tracks/4vIKzWqtn44umal5jXq4wE,4vIKzWqtn44umal5jXq4wE,1000 Nights (feat. Meek Mill & A Boogie Wit da Hoodie),58,2019-07-13T00:04:54Z,No.6 Collaborations Project,https://i.scdn.co/image/ab67616d0000b27373304ce0653c7758dd94b259,2019-07-12,"Ed Sheeran, Meek Mill, A Boogie Wit da Hoodie","['pop', 'uk pop']",pop
11,False,https://api.spotify.com/v1/tracks/5d1rmWWF1725tnYjq6rMDB,5d1rmWWF1725tnYjq6rMDB,Way To Break My Heart (feat. Skrillex),57,2019-07-12T23:57:09Z,No.6 Collaborations Project,https://i.scdn.co/image/ab67616d0000b27373304ce0653c7758dd94b259,2019-07-12,"Ed Sheeran, Skrillex","['pop', 'uk pop']",pop
12,False,https://api.spotify.com/v1/tracks/2qRN7PWiHRLprw4FpDeI9N,2qRN7PWiHRLprw4FpDeI9N,Nothing On You (feat. Paulo Londra & Dave),62,2019-07-12T23:36:01Z,No.6 Collaborations Project,https://i.scdn.co/image/ab67616d0000b27373304ce0653c7758dd94b259,2019-07-12,"Ed Sheeran, Paulo Londra, Dave","['pop', 'uk pop']",pop
13,True,https://api.spotify.com/v1/tracks/0AtP8EkGPn6SwxKDaUuXec,0AtP8EkGPn6SwxKDaUuXec,Remember The Name (feat. Eminem & 50 Cent),68,2019-07-12T23:29:03Z,No.6 Collaborations Project,https://i.scdn.co/image/ab67616d0000b27373304ce0653c7758dd94b259,2019-07-12,"Ed Sheeran, Eminem, 50 Cent","['pop', 'uk pop']",pop
14,True,https://api.spotify.com/v1/tracks/5IWMH89twdzA3XZpjW4Gvq,5IWMH89twdzA3XZpjW4Gvq,Summertime In Paris,47,2019-07-10T15:24:00Z,ERYS,https://i.scdn.co/image/ab67616d0000b273ab4d076dc3ee74b4cccb935d,2019-07-05,"Jaden, WILLOW","['hip hop', 'pop', 'pop rap', 'rap']",pop
15,False,https://api.spotify.com/v1/tracks/44vXWYTcdrejrIQZEoHzl8,44vXWYTcdrejrIQZEoHzl8,Lights,67,2019-07-10T15:08:14Z,Lights/Boy With Luv,https://i.scdn.co/image/ab67616d0000b27331ac28409bdbb01e7eb467bf,2019-07-03,BTS,"['k-pop', 'k-pop boy group']",k-pop
16,False,https://api.spotify.com/v1/tracks/0PCzvN7rQyI438jHSk1ZiP,0PCzvN7rQyI438jHSk1ZiP,The Goodbye Song,40,2019-07-10T13:18:48Z,Two-Player Game,https://i.scdn.co/image/ab67616d0000b273db6f875589299c5ae2bfd833,2018-05-11,"George Salazar, Joe Iconis","['broadway', 'show tunes']",broadway
17,False,https://api.spotify.com/v1/tracks/7pxL0DzPpCjjcdfQccvnus,7pxL0DzPpCjjcdfQccvnus,Una Vida Para Recordar,67,2019-07-10T12:06:37Z,Una Vida Para Recordar,https://i.scdn.co/image/ab67616d0000b273d887275824df99401271ff8e,2019-07-05,"Piso 21, Myke Towers","['colombian pop', 'latin', 'latin pop', 'reggaeton', 'reggaeton colombiano', 'trap latino']",latin
18,False,https://api.spotify.com/v1/tracks/53vkuKvvsp0sMrZF44vHWM,53vkuKvvsp0sMrZF44vHWM,Rotate (Clockwise),49,2019-07-10T11:51:33Z,Rotate (Clockwise),https://i.scdn.co/image/ab67616d0000b273542429fc67c9584cac6c4c30,2019-07-05,Rak-Su,"['post-teen pop', 'uk pop']",post-teen pop
19,False,https://api.spotify.com/v1/tracks/25ZAibhr3bdlMCLmubZDVt,25ZAibhr3bdlMCLmubZDVt,QUE PRETENDES,77,2019-07-09T23:46:38Z,OASIS,https://i.scdn.co/image/ab67616d0000b2734891d9b25d8919448388f3bb,2019-06-28,"J Balvin, Bad Bunny","['latin', 'reggaeton', 'reggaeton colombiano', 'trap latino']",latin
0,True,https://api.spotify.com/v1/tracks/5tmu5pAFHkUSl8Fo8ncyA4,5tmu5pAFHkUSl8Fo8ncyA4,CIVIL WAR - Bonus,1,2019-07-09T23:41:48Z,CIVIL WAR (Bonus),https://i.scdn.co/image/ab67616d0000b273b742953d3f26c70dd0309663,2019-05-08,Russ,"['hawaiian hip hop', 'pop rap', 'rap']",pop rap
1,True,https://api.spotify.com/v1/tracks/7zxRMhXxJMQCeDDg0rKAVo,7zxRMhXxJMQCeDDg0rKAVo,Some Way,70,2019-07-08T23:14:35Z,NAV,https://i.scdn.co/image/ab67616d0000b27309641cc11bfab19e890bbf58,2017-02-24,"NAV, The Weeknd","['canadian hip hop', 'canadian trap', 'hip hop', 'melodic rap', 'pop rap', 'rap', 'toronto rap', 'trap']",pop rap
2,True,https://api.spotify.com/v1/tracks/6pbFJUa1z4wsd20WmTjHGn,6pbFJUa1z4wsd20WmTjHGn,Ruthless (feat. Jay Critch),51,2019-07-06T20:46:31Z,Ruthless (feat. Jay Critch),https://i.scdn.co/image/ab67616d0000b27352c4395edde6b75a08ee2ae5,2019-05-03,"Lil Tjay, Jay Critch","['brooklyn drill', 'melodic rap', 'nyc rap']",melodic rap
3,True,https://api.spotify.com/v1/tracks/3wCsmunW9P07GfPRKmOpx5,3wCsmunW9P07GfPRKmOpx5,Mean Demeanor,24,2019-07-01T18:54:12Z,Mean Demeanor,https://i.scdn.co/image/ab67616d0000b27373a8b083b9f5adde8da8829f,2017-09-29,Run The Jewels,"['escape room', 'hip hop', 'political hip hop']",hip hop
4,True,https://api.spotify.com/v1/tracks/6DB2KOEwHnjkgEnBt5SdeJ,6DB2KOEwHnjkgEnBt5SdeJ,Mask Off (feat. Kendrick Lamar) - Remix,64,2019-07-01T18:50:51Z,Mask Off (feat. Kendrick Lamar) [Remix],https://i.scdn.co/image/ab67616d0000b2730cf32251bdb54d0131f2eade,2017-05-23,"Future, Kendrick Lamar","['atl hip hop', 'pop rap', 'rap', 'southern hip hop', 'trap']",pop rap
5,True,https://api.spotify.com/v1/tracks/5WoaF1B5XIEnWfmb5NZikf,5WoaF1B5XIEnWfmb5NZikf,Sky Walker (feat. Travis Scott),75,2019-07-01T18:32:18Z,War & Leisure,https://i.scdn.co/image/ab67616d0000b2735e9dff10c31ac14c6c6c920d,2017-12-01,"Miguel, Travis Scott","['dance pop', 'pop', 'r&b', 'urban contemporary']",pop
6,False,https://api.spotify.com/v1/tracks/4evmHXcjt3bTUHD1cvny97,4evmHXcjt3bTUHD1cvny97,Beautiful People (feat. Khalid),80,2019-06-30T01:18:23Z,Beautiful People (feat. Khalid),https://i.scdn.co/image/ab67616d0000b273358f874d5d31e76a8fe3f6d0,2019-06-28,"Ed Sheeran, Khalid","['pop', 'uk pop']",pop
7,False,https://api.spotify.com/v1/tracks/6BHoCtGKYkUBQp4FP7mBcE,6BHoCtGKYkUBQp4FP7mBcE,There You Are,0,2019-06-24T16:56:33Z,There You Are,https://i.scdn.co/image/ab67616d0000b2734c07415dd82956f415cc56c5,2018-02-09,WATCH THE DUCK,['alternative r&b'],alternative r&b
8,True,https://api.spotify.com/v1/tracks/4Hj5yNHgu2dyrnzRQN7Gld,4Hj5yNHgu2dyrnzRQN7Gld,Yellow,56,2019-06-11T14:33:36Z,Good For You,https://i.scdn.co/image/ab67616d0000b27360282020360f5048976275aa,2017-07-28,"Amin, Nelly","['hip hop', 'pop rap', 'portland hip hop', 'rap', 'underground hip hop']",pop rap
9,False,https://api.spotify.com/v1/tracks/65QCJwAWPDWSAa4yT3Q5of,65QCJwAWPDWSAa4yT3Q5of,Zombie,27,2019-05-17T05:03:17Z,Zombie,https://i.scdn.co/image/ab67616d0000b2730e5677105ad061da075fd33f,2019-05-10,"VIC MENSA, 93PUNX","['chicago rap', 'conscious hip hop', 'hip hop', 'pop rap', 'rap', 'trap', 'underground hip hop']",pop rap
10,False,https://api.spotify.com/v1/tracks/4FqWMnB4tPktF1pnIAWpO3,4FqWMnB4tPktF1pnIAWpO3,In The Air,19,2019-05-14T21:02:02Z,In The Air,https://i.scdn.co/image/ab67616d0000b2730c7178f955c3de633e68997a,2018-07-27,"ARCADES, Sarah Walk",[],Unknown
11,True,https://api.spotify.com/v1/tracks/5iGY2u7cCLCew4p83PYE9t,5iGY2u7cCLCew4p83PYE9t,Self Made,25,2019-05-14T18:30:57Z,Dime Bag,https://i.scdn.co/image/ab67616d0000b2733b632ad5f51b80b971d1713b,2018-11-02,Styles P,"['battle rap', 'east coast hip hop', 'gangster rap', 'hardcore hip hop', 'hip hop', 'pop rap', 'rap', 'southern hip hop', 'trap']",pop rap
12,True,https://api.spotify.com/v1/tracks/0ophOpneT0tyzBeeKchDBH,0ophOpneT0tyzBeeKchDBH,Everything (feat. Jacquees & Dreezy),31,2019-05-09T14:17:55Z,Everything (feat. Jacquees & Dreezy),https://i.scdn.co/image/ab67616d0000b273decc0572c3c23e3e5b39530a,2018-02-09,"Snoop Dogg, Jacquees, Dreezy","['g funk', 'gangster rap', 'hip hop', 'pop rap', 'rap', 'west coast rap']",pop rap
13,True,https://api.spotify.com/v1/tracks/1Nuun9B54ItTULE6yYE8Ix,1Nuun9B54ItTULE6yYE8Ix,Not the One (feat. Kemba),25,2019-05-09T12:47:13Z,Not the One (feat. Kemba),https://i.scdn.co/image/ab67616d0000b2734d70c80bcee7dfb68790d21b,2018-02-14,"Cole King, Kemba",[],Unknown
14,False,https://api.spotify.com/v1/tracks/5zvJELVKAnPkscGc5aLKJI,5zvJELVKAnPkscGc5aLKJI,Certain Things (feat. Chasing Grace),63,2019-05-01T02:15:16Z,James Arthur (Deluxe),https://i.scdn.co/image/ab67616d0000b273192221f838b7b6b9cb4629bf,2013-11-04,"James Arthur, Chasing Grace","['pop', 'post-teen pop', 'talent show', 'uk pop']",pop
15,True,https://api.spotify.com/v1/tracks/2qfEcCkEo5NscA9GL7ER72,2qfEcCkEo5NscA9GL7ER72,Nobody,69,2019-04-30T22:11:53Z,Nobody,https://i.scdn.co/image/ab67616d0000b273f4471109aed9c86e627b12e2,2019-03-01,"Martin Jensen, James Arthur","['dance pop', 'danish electronic', 'edm', 'electro house', 'pop', 'pop dance', 'pop edm', 'tropical house']",pop
16,False,https://api.spotify.com/v1/tracks/55Am8neGJkdj2ADaM3aw5H,55Am8neGJkdj2ADaM3aw5H,Train Wreck,85,2019-04-30T16:35:50Z,Back from the Edge,https://i.scdn.co/image/ab67616d0000b27320beb61f61fcbeb33b10a9ab,2016-10-28,James Arthur,"['pop', 'post-teen pop', 'talent show', 'uk pop']",pop
17,False,https://api.spotify.com/v1/tracks/0zzdXBwYgPZR88QZr86hWF,0zzdXBwYgPZR88QZr86hWF,Sermon (feat. Shotty Horroh),51,2019-04-30T16:25:48Z,Back from the Edge,https://i.scdn.co/image/ab67616d0000b27320beb61f61fcbeb33b10a9ab,2016-10-28,"James Arthur, SHOTTY HORROH","['pop', 'post-teen pop', 'talent show', 'uk pop']",pop
18,False,https://api.spotify.com/v1/tracks/02CygBCQOIyEuhNZqHHcNx,02CygBCQOIyEuhNZqHHcNx,It Runs Through Me,68,2019-04-29T16:49:58Z,Geography,https://i.scdn.co/image/ab67616d0000b2732aebf42d8901fbcd14c9eca8,2018-04-06,"Tom Misch, De La Soul","['indie soul', 'jazz pop']",indie soul
19,False,https://api.spotify.com/v1/tracks/0ORL2BIQwHdshE8Zp2En2M,0ORL2BIQwHdshE8Zp2En2M,You're On My Mind,55,2019-04-29T16:49:58Z,Geography,https://i.scdn.co/image/ab67616d0000b2732aebf42d8901fbcd14c9eca8,2018-04-06,Tom Misch,"['indie soul', 'jazz pop']",indie soul
0,True,https://api.spotify.com/v1/tracks/5tmu5pAFHkUSl8Fo8ncyA4,5tmu5pAFHkUSl8Fo8ncyA4,CIVIL WAR - Bonus,1,2019-07-09T23:41:48Z,CIVIL WAR (Bonus),https://i.scdn.co/image/ab67616d0000b273b742953d3f26c70dd0309663,2019-05-08,Russ,"['hawaiian hip hop', 'pop rap', 'rap']",pop rap
1,True,https://api.spotify.com/v1/tracks/7zxRMhXxJMQCeDDg0rKAVo,7zxRMhXxJMQCeDDg0rKAVo,Some Way,70,2019-07-08T23:14:35Z,NAV,https://i.scdn.co/image/ab67616d0000b27309641cc11bfab19e890bbf58,2017-02-24,"NAV, The Weeknd","['canadian hip hop', 'canadian trap', 'hip hop', 'melodic rap', 'pop rap', 'rap', 'toronto rap', 'trap']",pop rap
2,True,https://api.spotify.com/v1/tracks/6pbFJUa1z4wsd20WmTjHGn,6pbFJUa1z4wsd20WmTjHGn,Ruthless (feat. Jay Critch),51,2019-07-06T20:46:31Z,Ruthless (feat. Jay Critch),https://i.scdn.co/image/ab67616d0000b27352c4395edde6b75a08ee2ae5,2019-05-03,"Lil Tjay, Jay Critch","['brooklyn drill', 'melodic rap', 'nyc rap']",melodic rap
3,True,https://api.spotify.com/v1/tracks/3wCsmunW9P07GfPRKmOpx5,3wCsmunW9P07GfPRKmOpx5,Mean Demeanor,24,2019-07-01T18:54:12Z,Mean Demeanor,https://i.scdn.co/image/ab67616d0000b27373a8b083b9f5adde8da8829f,2017-09-29,Run The Jewels,"['escape room', 'hip hop', 'political hip hop']",hip hop
4,True,https://api.spotify.com/v1/tracks/6DB2KOEwHnjkgEnBt5SdeJ,6DB2KOEwHnjkgEnBt5SdeJ,Mask Off (feat. Kendrick Lamar) - Remix,64,2019-07-01T18:50:51Z,Mask Off (feat. Kendrick Lamar) [Remix],https://i.scdn.co/image/ab67616d0000b2730cf32251bdb54d0131f2eade,2017-05-23,"Future, Kendrick Lamar","['atl hip hop', 'pop rap', 'rap', 'southern hip hop', 'trap']",pop rap
5,True,https://api.spotify.com/v1/tracks/5WoaF1B5XIEnWfmb5NZikf,5WoaF1B5XIEnWfmb5NZikf,Sky Walker (feat. Travis Scott),75,2019-07-01T18:32:18Z,War & Leisure,https://i.scdn.co/image/ab67616d0000b2735e9dff10c31ac14c6c6c920d,2017-12-01,"Miguel, Travis Scott","['dance pop', 'pop', 'r&b', 'urban contemporary']",pop
6,False,https://api.spotify.com/v1/tracks/4evmHXcjt3bTUHD1cvny97,4evmHXcjt3bTUHD1cvny97,Beautiful People (feat. Khalid),80,2019-06-30T01:18:23Z,Beautiful People (feat. Khalid),https://i.scdn.co/image/ab67616d0000b273358f874d5d31e76a8fe3f6d0,2019-06-28,"Ed Sheeran, Khalid","['pop', 'uk pop']",pop
7,False,https://api.spotify.com/v1/tracks/6BHoCtGKYkUBQp4FP7mBcE,6BHoCtGKYkUBQp4FP7mBcE,There You Are,0,2019-06-24T16:56:33Z,There You Are,https://i.scdn.co/image/ab67616d0000b2734c07415dd82956f415cc56c5,2018-02-09,WATCH THE DUCK,['alternative r&b'],alternative r&b
8,True,https://api.spotify.com/v1/tracks/4Hj5yNHgu2dyrnzRQN7Gld,4Hj5yNHgu2dyrnzRQN7Gld,Yellow,56,2019-06-11T14:33:36Z,Good For You,https://i.scdn.co/image/ab67616d0000b27360282020360f5048976275aa,2017-07-28,"Amin, Nelly","['hip hop', 'pop rap', 'portland hip hop', 'rap', 'underground hip hop']",pop rap
9,False,https://api.spotify.com/v1/tracks/65QCJwAWPDWSAa4yT3Q5of,65QCJwAWPDWSAa4yT3Q5of,Zombie,27,2019-05-17T05:03:17Z,Zombie,https://i.scdn.co/image/ab67616d0000b2730e5677105ad061da075fd33f,2019-05-10,"VIC MENSA, 93PUNX","['chicago rap', 'conscious hip hop', 'hip hop', 'pop rap', 'rap', 'trap', 'underground hip hop']",pop rap
10,False,https://api.spotify.com/v1/tracks/4FqWMnB4tPktF1pnIAWpO3,4FqWMnB4tPktF1pnIAWpO3,In The Air,19,2019-05-14T21:02:02Z,In The Air,https://i.scdn.co/image/ab67616d0000b2730c7178f955c3de633e68997a,2018-07-27,"ARCADES, Sarah Walk",[],Unknown
11,True,https://api.spotify.com/v1/tracks/5iGY2u7cCLCew4p83PYE9t,5iGY2u7cCLCew4p83PYE9t,Self Made,25,2019-05-14T18:30:57Z,Dime Bag,https://i.scdn.co/image/ab67616d0000b2733b632ad5f51b80b971d1713b,2018-11-02,Styles P,"['battle rap', 'east coast hip hop', 'gangster rap', 'hardcore hip hop', 'hip hop', 'pop rap', 'rap', 'southern hip hop', 'trap']",pop rap
12,True,https://api.spotify.com/v1/tracks/0ophOpneT0tyzBeeKchDBH,0ophOpneT0tyzBeeKchDBH,Everything (feat. Jacquees & Dreezy),31,2019-05-09T14:17:55Z,Everything (feat. Jacquees & Dreezy),https://i.scdn.co/image/ab67616d0000b273decc0572c3c23e3e5b39530a,2018-02-09,"Snoop Dogg, Jacquees, Dreezy","['g funk', 'gangster rap', 'hip hop', 'pop rap', 'rap', 'west coast rap']",pop rap
13,True,https://api.spotify.com/v1/tracks/1Nuun9B54ItTULE6yYE8Ix,1Nuun9B54ItTULE6yYE8Ix,Not the One (feat. Kemba),25,2019-05-09T12:47:13Z,Not the One (feat. Kemba),https://i.scdn.co/image/ab67616d0000b2734d70c80bcee7dfb68790d21b,2018-02-14,"Cole King, Kemba",[],Unknown
14,False,https://api.spotify.com/v1/tracks/5zvJELVKAnPkscGc5aLKJI,5zvJELVKAnPkscGc5aLKJI,Certain Things (feat. Chasing Grace),63,2019-05-01T02:15:16Z,James Arthur (Deluxe),https://i.scdn.co/image/ab67616d0000b273192221f838b7b6b9cb4629bf,2013-11-04,"James Arthur, Chasing Grace","['pop', 'post-teen pop', 'talent show', 'uk pop']",pop
15,True,https://api.spotify.com/v1/tracks/2qfEcCkEo5NscA9GL7ER72,2qfEcCkEo5NscA9GL7ER72,Nobody,69,2019-04-30T22:11:53Z,Nobody,https://i.scdn.co/image/ab67616d0000b273f4471109aed9c86e627b12e2,2019-03-01,"Martin Jensen, James Arthur","['dance pop', 'danish electronic', 'edm', 'electro house', 'pop', 'pop dance', 'pop edm', 'tropical house']",pop
16,False,https://api.spotify.com/v1/tracks/55Am8neGJkdj2ADaM3aw5H,55Am8neGJkdj2ADaM3aw5H,Train Wreck,85,2019-04-30T16:35:50Z,Back from the Edge,https://i.scdn.co/image/ab67616d0000b27320beb61f61fcbeb33b10a9ab,2016-10-28,James Arthur,"['pop', 'post-teen pop', 'talent show', 'uk pop']",pop
17,False,https://api.spotify.com/v1/tracks/0zzdXBwYgPZR88QZr86hWF,0zzdXBwYgPZR88QZr86hWF,Sermon (feat. Shotty Horroh),51,2019-04-30T16:25:48Z,Back from the Edge,https://i.scdn.co/image/ab67616d0000b27320beb61f61fcbeb33b10a9ab,2016-10-28,"James Arthur, SHOTTY HORROH","['pop', 'post-teen pop', 'talent show', 'uk pop']",pop
18,False,https://api.spotify.com/v1/tracks/02CygBCQOIyEuhNZqHHcNx,02CygBCQOIyEuhNZqHHcNx,It Runs Through Me,68,2019-04-29T16:49:58Z,Geography,https://i.scdn.co/image/ab67616d0000b2732aebf42d8901fbcd14c9eca8,2018-04-06,"Tom Misch, De La Soul","['indie soul', 'jazz pop']",indie soul
19,False,https://api.spotify.com/v1/tracks/0ORL2BIQwHdshE8Zp2En2M,0ORL2BIQwHdshE8Zp2En2M,You're On My Mind,55,2019-04-29T16:49:58Z,Geography,https://i.scdn.co/image/ab67616d0000b2732aebf42d8901fbcd14c9eca8,2018-04-06,Tom Misch,"['indie soul', 'jazz pop']",indie soul
0,False,https://api.spotify.com/v1/tracks/4D5POIvEJfBH8wO80Ic4T8,4D5POIvEJfBH8wO80Ic4T8,Before Paris,48,2019-04-29T16:49:58Z,Geography,https://i.scdn.co/image/ab67616d0000b2732aebf42d8901fbcd14c9eca8,2018-04-06,Tom Misch,"['indie soul', 'jazz pop']",indie soul
1,False,https://api.spotify.com/v1/tracks/4A7DUET5H4f7dJkUhjfVFB,4A7DUET5H4f7dJkUhjfVFB,Lost in Paris,60,2019-04-29T16:49:58Z,Geography,https://i.scdn.co/image/ab67616d0000b2732aebf42d8901fbcd14c9eca8,2018-04-06,"Tom Misch, GoldLink","['indie soul', 'jazz pop']",indie soul
2,False,https://api.spotify.com/v1/tracks/5w3yxRRxy5pvZdUvBJF6ve,5w3yxRRxy5pvZdUvBJF6ve,South of the River,57,2019-04-29T16:49:58Z,Geography,https://i.scdn.co/image/ab67616d0000b2732aebf42d8901fbcd14c9eca8,2018-04-06,Tom Misch,"['indie soul', 'jazz pop']",indie soul
3,False,https://api.spotify.com/v1/tracks/6pxElwU80zhjbCC77Vn8EI,6pxElwU80zhjbCC77Vn8EI,Movie,66,2019-04-29T16:49:58Z,Geography,https://i.scdn.co/image/ab67616d0000b2732aebf42d8901fbcd14c9eca8,2018-04-06,Tom Misch,"['indie soul', 'jazz pop']",indie soul
4,False,https://api.spotify.com/v1/tracks/3al8a3uZrOZIHc6J1n8i5f,3al8a3uZrOZIHc6J1n8i5f,Tick Tock,49,2019-04-29T16:49:58Z,Geography,https://i.scdn.co/image/ab67616d0000b2732aebf42d8901fbcd14c9eca8,2018-04-06,Tom Misch,"['indie soul', 'jazz pop']",indie soul
5,False,https://api.spotify.com/v1/tracks/23H8PpuhyTDHwpqcDm7vS6,23H8PpuhyTDHwpqcDm7vS6,Isn't She Lovely,54,2019-04-29T16:49:58Z,Geography,https://i.scdn.co/image/ab67616d0000b2732aebf42d8901fbcd14c9eca8,2018-04-06,Tom Misch,"['indie soul', 'jazz pop']",indie soul
6,False,https://api.spotify.com/v1/tracks/61Ivix5DTnDPVjp1dgLyov,61Ivix5DTnDPVjp1dgLyov,Disco Yes,64,2019-04-29T16:49:58Z,Geography,https://i.scdn.co/image/ab67616d0000b2732aebf42d8901fbcd14c9eca8,2018-04-06,"Tom Misch, Poppy Ajudha","['indie soul', 'jazz pop']",indie soul
7,False,https://api.spotify.com/v1/tracks/673BqQR0tNM3VtzcV3Ul2Q,673BqQR0tNM3VtzcV3Ul2Q,Man Like You,49,2019-04-29T16:49:58Z,Geography,https://i.scdn.co/image/ab67616d0000b2732aebf42d8901fbcd14c9eca8,2018-04-06,Tom Misch,"['indie soul', 'jazz pop']",indie soul
8,False,https://api.spotify.com/v1/tracks/6Pd20wirRDM9k4e69px3dN,6Pd20wirRDM9k4e69px3dN,Water Baby,52,2019-04-29T16:49:58Z,Geography,https://i.scdn.co/image/ab67616d0000b2732aebf42d8901fbcd14c9eca8,2018-04-06,"Tom Misch, Loyle Carner","['indie soul', 'jazz pop']",indie soul
9,False,https://api.spotify.com/v1/tracks/58xN31xmYcfrgA56gAeM3W,58xN31xmYcfrgA56gAeM3W,Cos I Love You,50,2019-04-29T16:49:58Z,Geography,https://i.scdn.co/image/ab67616d0000b2732aebf42d8901fbcd14c9eca8,2018-04-06,Tom Misch,"['indie soul', 'jazz pop']",indie soul
10,False,https://api.spotify.com/v1/tracks/46mMjdrfaJicOdrOA7NtBa,46mMjdrfaJicOdrOA7NtBa,We've Come So Far,45,2019-04-29T16:49:58Z,Geography,https://i.scdn.co/image/ab67616d0000b2732aebf42d8901fbcd14c9eca8,2018-04-06,Tom Misch,"['indie soul', 'jazz pop']",indie soul
11,False,https://api.spotify.com/v1/tracks/7GLL5dU80NstXjcKlDMJmr,7GLL5dU80NstXjcKlDMJmr,Wander With Me,51,2019-04-29T16:41:47Z,Beat Tape 2,https://i.scdn.co/image/ab67616d0000b27304673b3ef017a7581b96e42f,2015-08-28,"Tom Misch, Carmody","['indie soul', 'jazz pop']",indie soul
12,True,https://api.spotify.com/v1/tracks/6sZUGkgvbNfd4rabcQ8Tj7,6sZUGkgvbNfd4rabcQ8Tj7,For Keeps (feat. YoungBoy Never Broke Again),47,2019-04-29T16:00:20Z,The World Is Yours 2,https://i.scdn.co/image/ab67616d0000b2738cca41a6d8d0cae2e9b15d14,2019-03-22,"Rich The Kid, YoungBoy Never Broke Again","['atl hip hop', 'hip hop', 'melodic rap', 'plugg', 'pop rap', 'rap', 'southern hip hop', 'trap']",pop rap
13,True,https://api.spotify.com/v1/tracks/2NmqgQROqC250hrqXj7C5b,2NmqgQROqC250hrqXj7C5b,Ruthless,50,2019-04-23T16:30:37Z,Ruthless,https://i.scdn.co/image/ab67616d0000b2734d85d32915ce8226b1d03326,2018-11-17,Marvin,[],Unknown
14,False,https://api.spotify.com/v1/tracks/68biLwi894rMQPeIiSky2t,68biLwi894rMQPeIiSky2t,10 Feet Down,62,2019-04-19T17:44:18Z,Perception,https://i.scdn.co/image/ab67616d0000b273cd733919ee57d0cc466e152f,2017-10-06,"NF, Ruelle","['hip hop', 'pop rap', 'rap']",pop rap
15,True,https://api.spotify.com/v1/tracks/0UvBmQOhu4DVXJtdzGc5eV,0UvBmQOhu4DVXJtdzGc5eV,Chi Chi (feat. Chris Brown),60,2019-04-18T20:53:44Z,Chi Chi (feat. Chris Brown),https://i.scdn.co/image/ab67616d0000b2739e0fceeaa2539e8edc398d02,2019-02-04,"Trey Songz, Chris Brown","['dance pop', 'pop', 'post-teen pop', 'r&b', 'urban contemporary']",pop
16,True,https://api.spotify.com/v1/tracks/6Gy7rXB6Ku5vIWC7WGWsl3,6Gy7rXB6Ku5vIWC7WGWsl3,KIKA,1,2019-04-18T20:51:19Z,DUMMY BOY,https://i.scdn.co/image/ab67616d0000b273b007746e91348081b34d51ae,2018-11-27,"6ix9ine, Tory Lanez",['emo rap'],emo rap
17,True,https://api.spotify.com/v1/tracks/6MjNilJCVKJq0LfFvo5jWJ,6MjNilJCVKJq0LfFvo5jWJ,Fast,75,2019-04-18T20:37:28Z,Death Race For Love,https://i.scdn.co/image/ab67616d0000b273af149eb4002f65f83afc63c4,2019-03-08,Juice WRLD,"['chicago rap', 'melodic rap']",melodic rap
18,False,https://api.spotify.com/v1/tracks/0PowxVSTY2uh1CPc8EPKyX,0PowxVSTY2uh1CPc8EPKyX,Project Dreams,0,2019-04-18T19:44:16Z,Project Dreams,https://i.scdn.co/image/ab67616d0000b2736bf1f6aea2b52d840a1997c3,2018-12-07,"Marshmello, Roddy Ricch","['brostep', 'edm', 'pop', 'pop dance', 'progressive electro house']",pop
19,True,https://api.spotify.com/v1/tracks/0ZxY3V9miXeKIeKS3hgjCI,0ZxY3V9miXeKIeKS3hgjCI,Highs and Lows,48,2019-04-11T16:10:01Z,Shelby,https://i.scdn.co/image/ab67616d0000b273152113a8352cdf317dc5a6cb,2019-03-01,Lil Skies,"['melodic rap', 'pop rap', 'rap', 'trap']",pop rap
0,False,https://api.spotify.com/v1/tracks/4D5POIvEJfBH8wO80Ic4T8,4D5POIvEJfBH8wO80Ic4T8,Before Paris,48,2019-04-29T16:49:58Z,Geography,https://i.scdn.co/image/ab67616d0000b2732aebf42d8901fbcd14c9eca8,2018-04-06,Tom Misch,"['indie soul', 'jazz pop']",indie soul
1,False,https://api.spotify.com/v1/tracks/4A7DUET5H4f7dJkUhjfVFB,4A7DUET5H4f7dJkUhjfVFB,Lost in Paris,60,2019-04-29T16:49:58Z,Geography,https://i.scdn.co/image/ab67616d0000b2732aebf42d8901fbcd14c9eca8,2018-04-06,"Tom Misch, GoldLink","['indie soul', 'jazz pop']",indie soul
2,False,https://api.spotify.com/v1/tracks/5w3yxRRxy5pvZdUvBJF6ve,5w3yxRRxy5pvZdUvBJF6ve,South of the River,57,2019-04-29T16:49:58Z,Geography,https://i.scdn.co/image/ab67616d0000b2732aebf42d8901fbcd14c9eca8,2018-04-06,Tom Misch,"['indie soul', 'jazz pop']",indie soul
3,False,https://api.spotify.com/v1/tracks/6pxElwU80zhjbCC77Vn8EI,6pxElwU80zhjbCC77Vn8EI,Movie,66,2019-04-29T16:49:58Z,Geography,https://i.scdn.co/image/ab67616d0000b2732aebf42d8901fbcd14c9eca8,2018-04-06,Tom Misch,"['indie soul', 'jazz pop']",indie soul
4,False,https://api.spotify.com/v1/tracks/3al8a3uZrOZIHc6J1n8i5f,3al8a3uZrOZIHc6J1n8i5f,Tick Tock,49,2019-04-29T16:49:58Z,Geography,https://i.scdn.co/image/ab67616d0000b2732aebf42d8901fbcd14c9eca8,2018-04-06,Tom Misch,"['indie soul', 'jazz pop']",indie soul
5,False,https://api.spotify.com/v1/tracks/23H8PpuhyTDHwpqcDm7vS6,23H8PpuhyTDHwpqcDm7vS6,Isn't She Lovely,54,2019-04-29T16:49:58Z,Geography,https://i.scdn.co/image/ab67616d0000b2732aebf42d8901fbcd14c9eca8,2018-04-06,Tom Misch,"['indie soul', 'jazz pop']",indie soul
6,False,https://api.spotify.com/v1/tracks/61Ivix5DTnDPVjp1dgLyov,61Ivix5DTnDPVjp1dgLyov,Disco Yes,64,2019-04-29T16:49:58Z,Geography,https://i.scdn.co/image/ab67616d0000b2732aebf42d8901fbcd14c9eca8,2018-04-06,"Tom Misch, Poppy Ajudha","['indie soul', 'jazz pop']",indie soul
7,False,https://api.spotify.com/v1/tracks/673BqQR0tNM3VtzcV3Ul2Q,673BqQR0tNM3VtzcV3Ul2Q,Man Like You,49,2019-04-29T16:49:58Z,Geography,https://i.scdn.co/image/ab67616d0000b2732aebf42d8901fbcd14c9eca8,2018-04-06,Tom Misch,"['indie soul', 'jazz pop']",indie soul
8,False,https://api.spotify.com/v1/tracks/6Pd20wirRDM9k4e69px3dN,6Pd20wirRDM9k4e69px3dN,Water Baby,52,2019-04-29T16:49:58Z,Geography,https://i.scdn.co/image/ab67616d0000b2732aebf42d8901fbcd14c9eca8,2018-04-06,"Tom Misch, Loyle Carner","['indie soul', 'jazz pop']",indie soul
9,False,https://api.spotify.com/v1/tracks/58xN31xmYcfrgA56gAeM3W,58xN31xmYcfrgA56gAeM3W,Cos I Love You,50,2019-04-29T16:49:58Z,Geography,https://i.scdn.co/image/ab67616d0000b2732aebf42d8901fbcd14c9eca8,2018-04-06,Tom Misch,"['indie soul', 'jazz pop']",indie soul
10,False,https://api.spotify.com/v1/tracks/46mMjdrfaJicOdrOA7NtBa,46mMjdrfaJicOdrOA7NtBa,We've Come So Far,45,2019-04-29T16:49:58Z,Geography,https://i.scdn.co/image/ab67616d0000b2732aebf42d8901fbcd14c9eca8,2018-04-06,Tom Misch,"['indie soul', 'jazz pop']",indie soul
11,False,https://api.spotify.com/v1/tracks/7GLL5dU80NstXjcKlDMJmr,7GLL5dU80NstXjcKlDMJmr,Wander With Me,51,2019-04-29T16:41:47Z,Beat Tape 2,https://i.scdn.co/image/ab67616d0000b27304673b3ef017a7581b96e42f,2015-08-28,"Tom Misch, Carmody","['indie soul', 'jazz pop']",indie soul
12,True,https://api.spotify.com/v1/tracks/6sZUGkgvbNfd4rabcQ8Tj7,6sZUGkgvbNfd4rabcQ8Tj7,For Keeps (feat. YoungBoy Never Broke Again),47,2019-04-29T16:00:20Z,The World Is Yours 2,https://i.scdn.co/image/ab67616d0000b2738cca41a6d8d0cae2e9b15d14,2019-03-22,"Rich The Kid, YoungBoy Never Broke Again","['atl hip hop', 'hip hop', 'melodic rap', 'plugg', 'pop rap', 'rap', 'southern hip hop', 'trap']",pop rap
13,True,https://api.spotify.com/v1/tracks/2NmqgQROqC250hrqXj7C5b,2NmqgQROqC250hrqXj7C5b,Ruthless,50,2019-04-23T16:30:37Z,Ruthless,https://i.scdn.co/image/ab67616d0000b2734d85d32915ce8226b1d03326,2018-11-17,Marvin,[],Unknown
14,False,https://api.spotify.com/v1/tracks/68biLwi894rMQPeIiSky2t,68biLwi894rMQPeIiSky2t,10 Feet Down,62,2019-04-19T17:44:18Z,Perception,https://i.scdn.co/image/ab67616d0000b273cd733919ee57d0cc466e152f,2017-10-06,"NF, Ruelle","['hip hop', 'pop rap', 'rap']",pop rap
15,True,https://api.spotify.com/v1/tracks/0UvBmQOhu4DVXJtdzGc5eV,0UvBmQOhu4DVXJtdzGc5eV,Chi Chi (feat. Chris Brown),60,2019-04-18T20:53:44Z,Chi Chi (feat. Chris Brown),https://i.scdn.co/image/ab67616d0000b2739e0fceeaa2539e8edc398d02,2019-02-04,"Trey Songz, Chris Brown","['dance pop', 'pop', 'post-teen pop', 'r&b', 'urban contemporary']",pop
16,True,https://api.spotify.com/v1/tracks/6Gy7rXB6Ku5vIWC7WGWsl3,6Gy7rXB6Ku5vIWC7WGWsl3,KIKA,1,2019-04-18T20:51:19Z,DUMMY BOY,https://i.scdn.co/image/ab67616d0000b273b007746e91348081b34d51ae,2018-11-27,"6ix9ine, Tory Lanez",['emo rap'],emo rap
17,True,https://api.spotify.com/v1/tracks/6MjNilJCVKJq0LfFvo5jWJ,6MjNilJCVKJq0LfFvo5jWJ,Fast,75,2019-04-18T20:37:28Z,Death Race For Love,https://i.scdn.co/image/ab67616d0000b273af149eb4002f65f83afc63c4,2019-03-08,Juice WRLD,"['chicago rap', 'melodic rap']",melodic rap
18,False,https://api.spotify.com/v1/tracks/0PowxVSTY2uh1CPc8EPKyX,0PowxVSTY2uh1CPc8EPKyX,Project Dreams,0,2019-04-18T19:44:16Z,Project Dreams,https://i.scdn.co/image/ab67616d0000b2736bf1f6aea2b52d840a1997c3,2018-12-07,"Marshmello, Roddy Ricch","['brostep', 'edm', 'pop', 'pop dance', 'progressive electro house']",pop
19,True,https://api.spotify.com/v1/tracks/0ZxY3V9miXeKIeKS3hgjCI,0ZxY3V9miXeKIeKS3hgjCI,Highs and Lows,48,2019-04-11T16:10:01Z,Shelby,https://i.scdn.co/image/ab67616d0000b273152113a8352cdf317dc5a6cb,2019-03-01,Lil Skies,"['melodic rap', 'pop rap', 'rap', 'trap']",pop rap
0,True,https://api.spotify.com/v1/tracks/2HCQfx7Dv4yHlrSyvMwksF,2HCQfx7Dv4yHlrSyvMwksF,Immigrants (We Get The Job Done),35,2019-03-05T14:21:14Z,Immigrants (We Get The Job Done) [from The Hamilton Mixtape],https://i.scdn.co/image/ab67616d0000b273a1db2fa4be43bb001dd56312,2016-11-11,"K'NAAN, Snow Tha Product, Riz Ahmed, Residente",['reggae fusion'],reggae fusion
1,False,https://api.spotify.com/v1/tracks/7AB0cUXnzuSlAnyHOqmrZr,7AB0cUXnzuSlAnyHOqmrZr,Faint,68,2019-02-21T14:44:48Z,Meteora (Bonus Edition),https://i.scdn.co/image/ab67616d0000b27389a8fab8bf8cd2b77da1fd17,2003-03-24,Linkin Park,"['alternative metal', 'nu metal', 'post-grunge', 'rap metal']",alternative metal
2,False,https://api.spotify.com/v1/tracks/1KtU0WCq472KzqCXgMOxkS,1KtU0WCq472KzqCXgMOxkS,That's What I Like - Alan Walker Remix,63,2019-02-21T02:46:37Z,That's What I Like (Alan Walker Remix),https://i.scdn.co/image/ab67616d0000b273185522533982fce28baace9c,2017-04-20,"Bruno Mars, Alan Walker","['dance pop', 'pop']",pop
3,True,https://api.spotify.com/v1/tracks/0hy1SOTEn9ifXTzOwnCwEr,0hy1SOTEn9ifXTzOwnCwEr,All Eyes on You (feat. Chris Brown & Nicki Minaj),68,2019-02-20T00:51:20Z,Dreams Worth More Than Money,https://i.scdn.co/image/ab67616d0000b273fd31cd96c4ba94c40532cc34,2015-06-29,"Meek Mill, Chris Brown, Nicki Minaj","['hip hop', 'philly rap', 'pop rap', 'rap', 'southern hip hop', 'trap']",pop rap
4,False,https://api.spotify.com/v1/tracks/4xhyvLnqhupa5rXLGvl815,4xhyvLnqhupa5rXLGvl815,Let Me Hold You (Turn Me On),46,2019-02-20T00:43:04Z,Let Me Hold You (Turn Me On),https://i.scdn.co/image/ab67616d0000b273e242fbe9114bcfecb554385f,2016-08-19,"Cheat Codes, Dante Klein","['dance pop', 'edm', 'electro house', 'electropop', 'pop', 'pop dance', 'pop edm', 'post-teen pop', 'tropical house']",pop
5,False,https://api.spotify.com/v1/tracks/0JoaFxLgrqbWutREzcZBzS,0JoaFxLgrqbWutREzcZBzS,One Dance,0,2019-02-19T17:14:29Z,One Dance,https://i.scdn.co/image/ab67616d0000b2739f38087c2900d53c2e81030a,2016-04-05,"Drake, WizKid, Kyla","['canadian hip hop', 'canadian pop', 'hip hop', 'pop rap', 'rap', 'toronto rap']",pop rap
6,True,https://api.spotify.com/v1/tracks/4cxMGhkinTocPSVVKWIw0d,4cxMGhkinTocPSVVKWIw0d,Losin Control,75,2019-02-16T23:47:30Z,There's Really A Wolf,https://i.scdn.co/image/ab67616d0000b273cb045e684adce8d49ada4045,2017-05-05,Russ,"['hawaiian hip hop', 'pop rap', 'rap']",pop rap
7,False,https://api.spotify.com/v1/tracks/2TIlqbIneP0ZY1O0EzYLlc,2TIlqbIneP0ZY1O0EzYLlc,Someone You Loved,79,2019-02-16T01:37:08Z,Breach,https://i.scdn.co/image/ab67616d0000b273b280aea74eef855675d7b93b,2018-11-08,Lewis Capaldi,"['pop', 'uk pop']",pop
8,True,https://api.spotify.com/v1/tracks/0NBiC3zLXoBQXBjsbnbwJq,0NBiC3zLXoBQXBjsbnbwJq,Molly (feat. Brendon Urie of Panic at the Disco),4,2019-02-13T05:16:03Z,Professional Rapper,https://i.scdn.co/image/ab67616d0000b2734598988646356555fd93a33d,2015-07-31,"Lil Dicky, Brendon Urie","['comedy rap', 'pop rap', 'rap']",pop rap
9,True,https://api.spotify.com/v1/tracks/5zI6ueoYshDD99aCEs66QG,5zI6ueoYshDD99aCEs66QG,valley girls,51,2019-02-06T23:28:17Z,the afterglow,https://i.scdn.co/image/ab67616d0000b27373636abb279e1da181acb969,2014-04-20,blackbear,"['electropop', 'pop', 'pop rap']",pop
10,False,https://api.spotify.com/v1/tracks/3KkXRkHbMCARz0aVfEt68P,3KkXRkHbMCARz0aVfEt68P,Sunflower - Spider-Man: Into the Spider-Verse,83,2019-02-05T22:32:56Z,Spider-Man: Into the Spider-Verse (Soundtrack From & Inspired by the Motion Picture),https://i.scdn.co/image/ab67616d0000b273e2e352d89826aef6dbd5ff8f,2018-12-14,"Post Malone, Swae Lee","['dfw rap', 'melodic rap', 'rap']",rap
11,True,https://api.spotify.com/v1/tracks/3e7Y6sfFlIdBMJhX7wpqVO,3e7Y6sfFlIdBMJhX7wpqVO,44 More,68,2019-02-03T21:20:40Z,Bobby Tarantino II,https://i.scdn.co/image/ab67616d0000b273e19b1b51cdd35051e17cf6dc,2018-03-09,Logic,"['conscious hip hop', 'dmv rap', 'hip hop', 'pop rap', 'rap']",pop rap
12,False,https://api.spotify.com/v1/tracks/1p7ec4hYOgmNw0lElbSOFh,1p7ec4hYOgmNw0lElbSOFh,Stomach It,0,2019-01-31T16:03:58Z,Dysphoria,https://i.scdn.co/image/ab67616d0000b273fee86cb7a9d4ae46d9194537,2015-06-23,"Crywolf, EDEN","['chillstep', 'edm', 'indie poptimism', 'melodic dubstep']",edm
13,False,https://api.spotify.com/v1/tracks/5egqKwgK5r5rvGD1LrtR7J,5egqKwgK5r5rvGD1LrtR7J,Points of Authority,64,2018-12-17T13:58:45Z,Hybrid Theory (Bonus Edition),https://i.scdn.co/image/ab67616d0000b273e2f039481babe23658fc719a,2000-10-24,Linkin Park,"['alternative metal', 'nu metal', 'post-grunge', 'rap metal']",alternative metal
14,False,https://api.spotify.com/v1/tracks/5KdhJG3BXUmLoO4JdycCPw,5KdhJG3BXUmLoO4JdycCPw,Come and See Me (feat. Drake),53,2018-12-04T05:34:18Z,Come and See Me (feat. Drake),https://i.scdn.co/image/ab67616d0000b273cb86389a87b18e168b514be1,2016-03-23,"PARTYNEXTDOOR, Drake","['pop', 'pop rap', 'r&b', 'rap', 'toronto rap', 'trap', 'urban contemporary']",pop
0,True,https://api.spotify.com/v1/tracks/2HCQfx7Dv4yHlrSyvMwksF,2HCQfx7Dv4yHlrSyvMwksF,Immigrants (We Get The Job Done),35,2019-03-05T14:21:14Z,Immigrants (We Get The Job Done) [from The Hamilton Mixtape],https://i.scdn.co/image/ab67616d0000b273a1db2fa4be43bb001dd56312,2016-11-11,"K'NAAN, Snow Tha Product, Riz Ahmed, Residente",['reggae fusion'],reggae fusion
1,False,https://api.spotify.com/v1/tracks/7AB0cUXnzuSlAnyHOqmrZr,7AB0cUXnzuSlAnyHOqmrZr,Faint,68,2019-02-21T14:44:48Z,Meteora (Bonus Edition),https://i.scdn.co/image/ab67616d0000b27389a8fab8bf8cd2b77da1fd17,2003-03-24,Linkin Park,"['alternative metal', 'nu metal', 'post-grunge', 'rap metal']",alternative metal
2,False,https://api.spotify.com/v1/tracks/1KtU0WCq472KzqCXgMOxkS,1KtU0WCq472KzqCXgMOxkS,That's What I Like - Alan Walker Remix,63,2019-02-21T02:46:37Z,That's What I Like (Alan Walker Remix),https://i.scdn.co/image/ab67616d0000b273185522533982fce28baace9c,2017-04-20,"Bruno Mars, Alan Walker","['dance pop', 'pop']",pop
3,True,https://api.spotify.com/v1/tracks/0hy1SOTEn9ifXTzOwnCwEr,0hy1SOTEn9ifXTzOwnCwEr,All Eyes on You (feat. Chris Brown & Nicki Minaj),68,2019-02-20T00:51:20Z,Dreams Worth More Than Money,https://i.scdn.co/image/ab67616d0000b273fd31cd96c4ba94c40532cc34,2015-06-29,"Meek Mill, Chris Brown, Nicki Minaj","['hip hop', 'philly rap', 'pop rap', 'rap', 'southern hip hop', 'trap']",pop rap
4,False,https://api.spotify.com/v1/tracks/4xhyvLnqhupa5rXLGvl815,4xhyvLnqhupa5rXLGvl815,Let Me Hold You (Turn Me On),46,2019-02-20T00:43:04Z,Let Me Hold You (Turn Me On),https://i.scdn.co/image/ab67616d0000b273e242fbe9114bcfecb554385f,2016-08-19,"Cheat Codes, Dante Klein","['dance pop', 'edm', 'electro house', 'electropop', 'pop', 'pop dance', 'pop edm', 'post-teen pop', 'tropical house']",pop
5,False,https://api.spotify.com/v1/tracks/0JoaFxLgrqbWutREzcZBzS,0JoaFxLgrqbWutREzcZBzS,One Dance,0,2019-02-19T17:14:29Z,One Dance,https://i.scdn.co/image/ab67616d0000b2739f38087c2900d53c2e81030a,2016-04-05,"Drake, WizKid, Kyla","['canadian hip hop', 'canadian pop', 'hip hop', 'pop rap', 'rap', 'toronto rap']",pop rap
6,True,https://api.spotify.com/v1/tracks/4cxMGhkinTocPSVVKWIw0d,4cxMGhkinTocPSVVKWIw0d,Losin Control,75,2019-02-16T23:47:30Z,There's Really A Wolf,https://i.scdn.co/image/ab67616d0000b273cb045e684adce8d49ada4045,2017-05-05,Russ,"['hawaiian hip hop', 'pop rap', 'rap']",pop rap
7,False,https://api.spotify.com/v1/tracks/2TIlqbIneP0ZY1O0EzYLlc,2TIlqbIneP0ZY1O0EzYLlc,Someone You Loved,79,2019-02-16T01:37:08Z,Breach,https://i.scdn.co/image/ab67616d0000b273b280aea74eef855675d7b93b,2018-11-08,Lewis Capaldi,"['pop', 'uk pop']",pop
8,True,https://api.spotify.com/v1/tracks/0NBiC3zLXoBQXBjsbnbwJq,0NBiC3zLXoBQXBjsbnbwJq,Molly (feat. Brendon Urie of Panic at the Disco),4,2019-02-13T05:16:03Z,Professional Rapper,https://i.scdn.co/image/ab67616d0000b2734598988646356555fd93a33d,2015-07-31,"Lil Dicky, Brendon Urie","['comedy rap', 'pop rap', 'rap']",pop rap
9,True,https://api.spotify.com/v1/tracks/5zI6ueoYshDD99aCEs66QG,5zI6ueoYshDD99aCEs66QG,valley girls,51,2019-02-06T23:28:17Z,the afterglow,https://i.scdn.co/image/ab67616d0000b27373636abb279e1da181acb969,2014-04-20,blackbear,"['electropop', 'pop', 'pop rap']",pop
10,False,https://api.spotify.com/v1/tracks/3KkXRkHbMCARz0aVfEt68P,3KkXRkHbMCARz0aVfEt68P,Sunflower - Spider-Man: Into the Spider-Verse,83,2019-02-05T22:32:56Z,Spider-Man: Into the Spider-Verse (Soundtrack From & Inspired by the Motion Picture),https://i.scdn.co/image/ab67616d0000b273e2e352d89826aef6dbd5ff8f,2018-12-14,"Post Malone, Swae Lee","['dfw rap', 'melodic rap', 'rap']",rap
11,True,https://api.spotify.com/v1/tracks/3e7Y6sfFlIdBMJhX7wpqVO,3e7Y6sfFlIdBMJhX7wpqVO,44 More,68,2019-02-03T21:20:40Z,Bobby Tarantino II,https://i.scdn.co/image/ab67616d0000b273e19b1b51cdd35051e17cf6dc,2018-03-09,Logic,"['conscious hip hop', 'dmv rap', 'hip hop', 'pop rap', 'rap']",pop rap
12,False,https://api.spotify.com/v1/tracks/1p7ec4hYOgmNw0lElbSOFh,1p7ec4hYOgmNw0lElbSOFh,Stomach It,0,2019-01-31T16:03:58Z,Dysphoria,https://i.scdn.co/image/ab67616d0000b273fee86cb7a9d4ae46d9194537,2015-06-23,"Crywolf, EDEN","['chillstep', 'edm', 'indie poptimism', 'melodic dubstep']",edm
13,False,https://api.spotify.com/v1/tracks/5egqKwgK5r5rvGD1LrtR7J,5egqKwgK5r5rvGD1LrtR7J,Points of Authority,64,2018-12-17T13:58:45Z,Hybrid Theory (Bonus Edition),https://i.scdn.co/image/ab67616d0000b273e2f039481babe23658fc719a,2000-10-24,Linkin Park,"['alternative metal', 'nu metal', 'post-grunge', 'rap metal']",alternative metal
14,False,https://api.spotify.com/v1/tracks/5KdhJG3BXUmLoO4JdycCPw,5KdhJG3BXUmLoO4JdycCPw,Come and See Me (feat. Drake),53,2018-12-04T05:34:18Z,Come and See Me (feat. Drake),https://i.scdn.co/image/ab67616d0000b273cb86389a87b18e168b514be1,2016-03-23,"PARTYNEXTDOOR, Drake","['pop', 'pop rap', 'r&b', 'rap', 'toronto rap', 'trap', 'urban contemporary']",pop
